tpep_pickup_datetime,tpep_dropoff_datetime,trip_distance,fare_amount,pickup_zip,dropoff_zip
2016-02-13T21:47:53.000Z,2016-02-13T21:57:15.000Z,1.4,8,10103,10110
2016-02-13T18:29:09.000Z,2016-02-13T18:37:23.000Z,1.31,7.5,10023,10023
2016-02-06T19:40:58.000Z,2016-02-06T19:52:32.000Z,1.8,9.5,10001,10018
2016-02-12T19:06:43.000Z,2016-02-12T19:20:54.000Z,2.3,11.5,10044,10111
2016-02-23T10:27:56.000Z,2016-02-23T10:58:33.000Z,2.6,18.5,10199,10022
2016-02-13T00:41:43.000Z,2016-02-13T00:46:52.000Z,1.4,6.5,10023,10069
2016-02-18T23:49:53.000Z,2016-02-19T00:12:53.000Z,10.4,31,11371,10003
2016-02-18T20:21:45.000Z,2016-02-18T20:38:23.000Z,10.15,28.5,11371,11201
2016-02-03T10:47:50.000Z,2016-02-03T11:07:06.000Z,3.27,15,10014,10023
2016-02-19T01:26:39.000Z,2016-02-19T01:40:01.000Z,4.42,15,10003,11222
2016-02-12T00:19:38.000Z,2016-02-12T00:34:59.000Z,3.5,13.5,10012,10018
2016-02-18T07:32:18.000Z,2016-02-18T07:37:16.000Z,1.1,6,10009,10110
2016-02-24T13:58:21.000Z,2016-02-24T14:13:02.000Z,1.1,10,10119,10017
2016-02-29T11:36:24.000Z,2016-02-29T11:47:16.000Z,0.93,8,10065,10167
2016-02-12T15:55:09.000Z,2016-02-12T16:05:16.000Z,1.63,9,10021,10023
2016-02-11T18:39:25.000Z,2016-02-11T18:44:26.000Z,0.71,5.5,10021,10065
2016-02-20T22:09:04.000Z,2016-02-20T22:22:43.000Z,2,10.5,10001,10003
2016-02-26T16:31:44.000Z,2016-02-26T16:46:00.000Z,1.1,10,10153,10110
2016-02-26T09:24:38.000Z,2016-02-26T09:33:49.000Z,1.3,8.5,10025,10029
2016-02-08T23:16:27.000Z,2016-02-08T23:32:43.000Z,3.4,14,10018,10028
2016-02-06T23:25:43.000Z,2016-02-06T23:31:08.000Z,1.1,6,11237,11237
2016-02-27T18:01:07.000Z,2016-02-27T18:10:23.000Z,2.83,11,10002,11206
2016-02-16T12:14:48.000Z,2016-02-16T12:19:14.000Z,0.6,5,10044,10021
2016-02-10T08:54:25.000Z,2016-02-10T09:17:43.000Z,3.5,17.5,10013,10018
2016-02-17T15:54:42.000Z,2016-02-17T16:04:41.000Z,0.9,7.5,10021,10021
2016-02-19T11:09:05.000Z,2016-02-19T11:25:12.000Z,4,15.5,10022,10002
2016-02-12T22:41:45.000Z,2016-02-12T22:52:11.000Z,0.9,8,10171,10017
2016-02-26T23:12:44.000Z,2016-02-26T23:22:22.000Z,1.7,8.5,10016,10009
2016-02-24T23:21:05.000Z,2016-02-24T23:31:41.000Z,2.2,9.5,10103,10044
2016-02-03T05:16:34.000Z,2016-02-03T05:35:48.000Z,15.7,52,10009,11422
2016-02-18T18:29:19.000Z,2016-02-18T18:37:43.000Z,1.1,7.5,10011,10011
2016-02-26T02:15:57.000Z,2016-02-26T02:19:33.000Z,1.03,5,10171,10065
2016-02-28T15:16:44.000Z,2016-02-28T15:35:32.000Z,4.5,16.5,10282,10069
2016-02-02T17:11:50.000Z,2016-02-02T17:26:47.000Z,1.49,10.5,10018,10001
2016-02-02T22:35:45.000Z,2016-02-02T22:42:03.000Z,1.35,6.5,10023,10021
2016-02-18T10:14:15.000Z,2016-02-18T10:21:53.000Z,1.28,7.5,10110,10003
2016-02-14T16:23:31.000Z,2016-02-14T16:37:15.000Z,2.38,11.5,10012,10110
2016-02-15T01:45:11.000Z,2016-02-15T01:48:40.000Z,0.6,4.5,10153,10065
2016-02-14T17:44:16.000Z,2016-02-14T17:47:42.000Z,0.59,4.5,10023,10023
2016-02-04T00:22:49.000Z,2016-02-04T00:38:19.000Z,4.1,15,10019,11104
2016-02-19T07:47:10.000Z,2016-02-19T07:57:32.000Z,1.06,8,10017,10171
2016-02-04T20:37:53.000Z,2016-02-04T20:45:54.000Z,1.58,7.5,10154,10044
2016-02-08T21:33:29.000Z,2016-02-08T21:36:41.000Z,0.61,4.5,10110,10110
2016-02-20T19:28:12.000Z,2016-02-20T20:08:33.000Z,19.6,54.5,11422,11238
2016-02-21T08:58:53.000Z,2016-02-21T09:02:28.000Z,0.7,4.5,10025,10162
2016-02-19T06:07:22.000Z,2016-02-19T06:21:17.000Z,3.7,13.5,10005,10110
2016-02-04T12:38:32.000Z,2016-02-04T12:52:10.000Z,1.2,10,10199,10011
2016-02-24T19:22:35.000Z,2016-02-24T19:47:34.000Z,3.7,17.5,10028,10003
2016-02-10T23:32:23.000Z,2016-02-10T23:51:48.000Z,5.84,19,10002,10023
2016-02-26T23:32:21.000Z,2016-02-26T23:44:11.000Z,1.83,10,10002,10014
2016-02-26T11:26:02.000Z,2016-02-26T12:11:00.000Z,11.3,40,10001,11371
2016-02-04T11:19:49.000Z,2016-02-04T11:26:48.000Z,0.83,6,10022,10065
2016-02-24T02:43:55.000Z,2016-02-24T02:56:32.000Z,6.4,19.5,10002,10029
2016-02-25T09:08:28.000Z,2016-02-25T09:39:37.000Z,3.14,19.5,10007,10020
2016-02-23T06:56:26.000Z,2016-02-23T07:00:30.000Z,0.8,5,10014,10199
2016-02-04T20:04:14.000Z,2016-02-04T20:20:34.000Z,2.44,12.5,10154,10069
2016-02-11T08:13:16.000Z,2016-02-11T08:18:27.000Z,0.7,5.5,10003,10012
2016-02-15T08:51:02.000Z,2016-02-15T09:06:27.000Z,5.5,17,11371,11379
2016-02-28T12:44:47.000Z,2016-02-28T12:53:11.000Z,1.6,8,10001,10012
2016-02-02T18:48:41.000Z,2016-02-02T18:54:10.000Z,0.8,5.5,10009,10002
2016-02-06T10:20:59.000Z,2016-02-06T10:27:31.000Z,2.1,8.5,10012,10282
2016-02-03T08:52:58.000Z,2016-02-03T09:02:28.000Z,1.22,8,10003,10011
2016-02-29T11:26:39.000Z,2016-02-29T11:31:11.000Z,0.6,5,10023,10069
2016-02-09T19:47:42.000Z,2016-02-09T19:52:56.000Z,1.6,7,10018,10069
2016-02-14T19:32:02.000Z,2016-02-14T19:43:28.000Z,0.6,8.5,10017,10001
2016-02-23T21:35:43.000Z,2016-02-23T21:41:15.000Z,1.04,6,10001,10167
2016-02-03T19:15:04.000Z,2016-02-03T19:40:34.000Z,4.7,20,10280,10119
2016-02-26T19:26:48.000Z,2016-02-26T19:40:52.000Z,2.95,12,10001,10021
2016-02-21T04:40:46.000Z,2016-02-21T04:51:49.000Z,3.06,12,10012,10022
2016-02-20T19:38:37.000Z,2016-02-20T20:21:57.000Z,7.3,33,11205,10028
2016-02-28T00:03:46.000Z,2016-02-28T00:28:18.000Z,10.66,31.5,11422,11221
2016-02-10T06:10:57.000Z,2016-02-10T06:18:49.000Z,1.6,7.5,10271,10012
2016-02-11T15:26:49.000Z,2016-02-11T15:36:21.000Z,1,7.5,10028,10044
2016-02-15T23:03:19.000Z,2016-02-15T23:38:15.000Z,11.4,35,11371,10011
2016-02-08T22:15:15.000Z,2016-02-08T22:31:32.000Z,5.5,18.5,10110,10271
2016-02-05T10:33:55.000Z,2016-02-05T10:46:58.000Z,1.14,9.5,10017,10119
2016-02-09T15:31:27.000Z,2016-02-09T15:40:16.000Z,1.18,8,10026,10025
2016-02-15T16:41:54.000Z,2016-02-15T17:38:20.000Z,18.43,52,11422,10011
2016-02-18T14:25:28.000Z,2016-02-18T14:49:35.000Z,2.22,15.5,10012,10110
2016-02-11T08:21:31.000Z,2016-02-11T08:33:31.000Z,2.16,10,10119,10012
2016-02-16T16:18:30.000Z,2016-02-16T16:25:13.000Z,1.1,7,10028,10021
2016-02-07T12:51:00.000Z,2016-02-07T12:56:13.000Z,1,6,10021,10103
2016-02-19T23:28:05.000Z,2016-02-19T23:32:16.000Z,1.3,5.5,10065,10028
2016-02-02T09:45:45.000Z,2016-02-02T10:02:27.000Z,2.9,14,10028,10111
2016-02-14T00:17:38.000Z,2016-02-14T00:42:58.000Z,6.7,23,10001,11206
2016-02-09T23:18:47.000Z,2016-02-09T23:30:26.000Z,2.7,10.5,10022,10012
2016-02-24T23:34:24.000Z,2016-02-24T23:36:45.000Z,0.66,4,10001,10020
2016-02-19T14:04:06.000Z,2016-02-19T15:02:15.000Z,8.9,40.5,11371,10020
2016-02-02T23:43:35.000Z,2016-02-02T23:54:47.000Z,3.5,12.5,10027,10018
2016-02-20T00:19:22.000Z,2016-02-20T00:32:02.000Z,2.7,12,10153,10011
2016-02-08T19:51:14.000Z,2016-02-08T20:12:15.000Z,8.1,25,10022,11231
2016-02-09T08:11:51.000Z,2016-02-09T08:19:24.000Z,1.2,6.5,10021,10028
2016-02-22T12:41:45.000Z,2016-02-22T13:04:15.000Z,8.84,28,11371,10017
2016-02-27T09:10:54.000Z,2016-02-27T09:18:37.000Z,1.5,7.5,10018,10001
2016-02-18T18:50:47.000Z,2016-02-18T19:04:38.000Z,2.5,11.5,10025,10019
2016-02-04T23:32:27.000Z,2016-02-04T23:38:56.000Z,1.2,7,10069,10103
2016-02-19T16:36:32.000Z,2016-02-19T17:02:46.000Z,3.2,17,10019,10011
2016-02-20T09:12:00.000Z,2016-02-20T09:21:14.000Z,2.76,10,10001,10012
2016-02-03T19:42:07.000Z,2016-02-03T20:03:06.000Z,4.5,17.5,10037,10018
2016-02-27T15:55:25.000Z,2016-02-27T16:13:48.000Z,3.18,13.5,10021,10001
2016-02-28T09:31:26.000Z,2016-02-28T09:50:15.000Z,3.72,15.5,10003,10019
2016-02-21T14:15:34.000Z,2016-02-21T14:22:47.000Z,1.37,7,10153,10001
2016-02-22T19:51:36.000Z,2016-02-22T20:01:34.000Z,1.53,9,10025,10023
2016-02-09T12:44:13.000Z,2016-02-09T12:51:39.000Z,0.96,6.5,10017,10017
2016-02-23T22:19:42.000Z,2016-02-23T22:53:08.000Z,6.9,26,10065,10005
2016-02-21T17:53:48.000Z,2016-02-21T18:17:19.000Z,1.22,14.5,10020,10119
2016-02-17T10:08:13.000Z,2016-02-17T10:23:00.000Z,1.8,11,10003,10001
2016-02-29T22:19:22.000Z,2016-02-29T22:29:32.000Z,2.85,10.5,10110,10044
2016-02-27T22:28:16.000Z,2016-02-27T22:40:34.000Z,1.35,9,10003,10011
2016-02-29T15:17:45.000Z,2016-02-29T15:22:44.000Z,0.56,5,10022,10153
2016-02-25T22:22:42.000Z,2016-02-25T22:29:50.000Z,1.02,7,10017,10199
2016-02-23T13:14:30.000Z,2016-02-23T13:31:39.000Z,4.2,16.5,10018,10282
2016-02-02T07:47:07.000Z,2016-02-02T08:07:59.000Z,1.8,13.5,10103,10021
2016-02-19T11:40:22.000Z,2016-02-19T11:45:05.000Z,0.6,5,10023,10019
2016-02-12T22:11:37.000Z,2016-02-12T22:17:19.000Z,0.82,5.5,10018,10103
2016-02-27T12:30:53.000Z,2016-02-27T12:52:26.000Z,3.1,15.5,10021,10001
2016-02-23T07:09:03.000Z,2016-02-23T07:30:13.000Z,3.2,16,10026,10023
2016-02-08T09:19:38.000Z,2016-02-08T09:32:23.000Z,1.7,10,10167,10003
2016-02-11T22:42:46.000Z,2016-02-11T23:00:30.000Z,2.4,13,10022,10003
2016-02-04T08:57:05.000Z,2016-02-04T09:17:13.000Z,2.35,14,10013,10001
2016-02-29T17:42:51.000Z,2016-02-29T17:53:07.000Z,1.9,9.5,10014,10012
2016-02-20T21:46:14.000Z,2016-02-20T21:53:29.000Z,1.93,8,11102,11106
2016-02-18T14:54:29.000Z,2016-02-18T14:57:12.000Z,0.39,4,10028,10028
2016-02-24T20:32:55.000Z,2016-02-24T20:36:31.000Z,0.78,5,10022,10110
2016-02-19T07:57:23.000Z,2016-02-19T08:01:14.000Z,0.48,4.5,10021,10021
2016-02-19T21:51:40.000Z,2016-02-19T22:05:01.000Z,6.78,20,10069,10034
2016-02-07T10:28:15.000Z,2016-02-07T10:41:23.000Z,3.07,12.5,10023,10023
2016-02-28T13:48:59.000Z,2016-02-28T14:19:36.000Z,15.5,52,10017,11422
2016-02-13T04:06:33.000Z,2016-02-13T04:40:07.000Z,16.7,48.5,10014,11235
2016-02-05T11:38:37.000Z,2016-02-05T11:52:21.000Z,1.7,10,10199,10001
2016-02-02T20:54:08.000Z,2016-02-02T21:39:17.000Z,10.7,42,10017,11354
2016-02-10T11:08:50.000Z,2016-02-10T11:27:54.000Z,2.42,13.5,10023,10065
2016-02-16T11:21:39.000Z,2016-02-16T11:34:34.000Z,1.97,10,10003,10199
2016-02-14T21:59:53.000Z,2016-02-14T22:05:42.000Z,1.7,7,10069,10021
2016-02-02T10:30:08.000Z,2016-02-02T10:37:17.000Z,0.8,6.5,10021,10153
2016-02-09T23:21:01.000Z,2016-02-09T23:29:32.000Z,1.89,8.5,10001,10002
2016-02-22T18:09:37.000Z,2016-02-22T18:22:09.000Z,1.6,9.5,10009,10014
2016-02-05T08:37:01.000Z,2016-02-05T08:54:56.000Z,2.1,13,10153,10199
2016-02-17T21:28:58.000Z,2016-02-17T21:32:40.000Z,0.91,5,10119,10011
2016-02-26T09:49:56.000Z,2016-02-26T09:57:53.000Z,0.92,7,10028,10021
2016-02-18T13:20:56.000Z,2016-02-18T13:47:36.000Z,6.4,23,10019,7311
2016-02-19T20:54:47.000Z,2016-02-19T21:06:08.000Z,2.1,10,10021,10019
2016-02-10T11:05:23.000Z,2016-02-10T11:15:35.000Z,1,8,10065,10021
2016-02-26T08:04:52.000Z,2016-02-26T08:09:29.000Z,0.87,5.5,10011,10012
2016-02-15T12:44:51.000Z,2016-02-15T13:07:39.000Z,3.48,16.5,10011,10022
2016-02-06T15:53:10.000Z,2016-02-06T16:24:38.000Z,10.98,34,11371,10020
2016-02-02T21:57:21.000Z,2016-02-02T22:06:06.000Z,2.4,9.5,10027,10023
2016-02-26T07:26:11.000Z,2016-02-26T07:28:19.000Z,0.5,4,10103,10153
2016-02-26T21:44:47.000Z,2016-02-26T21:48:03.000Z,0.47,4,10065,10065
2016-02-28T11:29:19.000Z,2016-02-28T11:43:53.000Z,4.3,15.5,10017,11102
2016-02-13T14:35:52.000Z,2016-02-13T15:01:36.000Z,3.33,17.5,10171,10012
2016-02-26T20:00:20.000Z,2016-02-26T20:18:23.000Z,2.44,13,10018,10012
2016-02-24T17:22:19.000Z,2016-02-24T17:27:57.000Z,0.8,5.5,10003,10012
2016-02-22T10:05:20.000Z,2016-02-22T10:15:27.000Z,1.2,8,10065,10022
2016-02-18T18:59:49.000Z,2016-02-18T19:23:56.000Z,4.2,18,10012,10021
2016-02-08T12:25:08.000Z,2016-02-08T12:32:01.000Z,0.7,6,10009,10009
2016-02-20T02:38:36.000Z,2016-02-20T02:48:05.000Z,2.1,9,10018,10012
2016-02-12T19:39:15.000Z,2016-02-12T19:50:33.000Z,1.7,9.5,10018,10023
2016-02-08T14:13:18.000Z,2016-02-08T14:20:37.000Z,0.79,6.5,10014,10011
2016-02-27T16:16:09.000Z,2016-02-27T16:20:50.000Z,0.8,5.5,10065,10021
2016-02-17T10:48:24.000Z,2016-02-17T10:59:54.000Z,1.1,8.5,10011,10110
2016-02-23T13:36:25.000Z,2016-02-23T13:52:56.000Z,1.8,11,10199,10112
2016-02-17T21:20:30.000Z,2016-02-17T21:31:53.000Z,2.46,10.5,10001,10023
2016-02-03T20:41:14.000Z,2016-02-03T20:50:14.000Z,0.9,7,10018,10199
2016-02-26T15:36:49.000Z,2016-02-26T15:55:01.000Z,4.2,16.5,10162,10014
2016-02-12T06:48:39.000Z,2016-02-12T06:52:16.000Z,1,5,10167,10001
2016-02-26T14:59:09.000Z,2016-02-26T15:06:28.000Z,1.47,7,10012,10011
2016-02-24T12:57:31.000Z,2016-02-24T13:05:01.000Z,0.65,6.5,10003,10011
2016-02-17T17:51:26.000Z,2016-02-17T18:05:43.000Z,1.05,9.5,10065,10111
2016-02-19T20:14:38.000Z,2016-02-19T20:27:56.000Z,1.5,9.5,10001,10022
2016-02-08T00:22:44.000Z,2016-02-08T00:36:43.000Z,6.7,20.5,10020,10032
2016-02-18T17:53:46.000Z,2016-02-18T17:55:28.000Z,0.48,3.5,10065,10021
2016-02-22T17:43:07.000Z,2016-02-22T17:48:10.000Z,0.4,5,10119,10018
2016-02-12T12:20:58.000Z,2016-02-12T12:28:23.000Z,1,6.5,10001,10017
2016-02-03T06:12:32.000Z,2016-02-03T06:17:43.000Z,0.8,5.5,10018,10110
2016-02-07T00:15:49.000Z,2016-02-07T00:26:07.000Z,0.58,7.5,10003,10003
2016-02-17T13:57:23.000Z,2016-02-17T14:04:25.000Z,0.44,6,10023,10023
2016-02-19T19:43:45.000Z,2016-02-19T19:49:52.000Z,1.25,6.5,10162,10023
2016-02-13T18:53:38.000Z,2016-02-13T18:56:51.000Z,0.8,5,10029,10028
2016-02-01T13:24:20.000Z,2016-02-01T13:34:19.000Z,1,8,10012,10278
2016-02-04T12:15:39.000Z,2016-02-04T12:42:54.000Z,1.86,16.5,10003,10110
2016-02-09T17:30:21.000Z,2016-02-09T17:32:14.000Z,0.5,3.5,10011,10119
2016-02-14T00:02:40.000Z,2016-02-14T00:19:11.000Z,3.36,14,10032,10025
2016-02-19T06:54:48.000Z,2016-02-19T06:57:51.000Z,0.6,4.5,10001,10009
2016-02-11T08:20:40.000Z,2016-02-11T08:25:51.000Z,0.72,5.5,10282,10013
2016-02-06T12:19:53.000Z,2016-02-06T12:24:22.000Z,0.7,5,10021,10065
2016-02-26T06:34:14.000Z,2016-02-26T06:39:21.000Z,1.1,6,10119,10110
2016-02-02T00:17:01.000Z,2016-02-02T00:20:31.000Z,0.69,4.5,10001,10011
2016-02-03T22:23:24.000Z,2016-02-03T22:36:45.000Z,1.8,10,10018,10011
2016-02-27T09:17:58.000Z,2016-02-27T09:28:01.000Z,2.22,9.5,10022,10028
2016-02-06T14:26:07.000Z,2016-02-06T14:29:35.000Z,0.7,5,10023,10023
2016-02-24T15:07:03.000Z,2016-02-24T15:11:13.000Z,0.61,5,10018,10018
2016-02-24T07:15:56.000Z,2016-02-24T07:57:07.000Z,17.28,52,10167,11422
2016-02-26T19:03:25.000Z,2016-02-26T19:15:49.000Z,2.31,11,10020,10044
2016-02-03T21:35:45.000Z,2016-02-03T21:44:49.000Z,1.81,8.5,10023,10022
2016-02-10T02:04:27.000Z,2016-02-10T02:22:17.000Z,10.3,29,10002,10039
2016-02-04T09:21:47.000Z,2016-02-04T09:32:19.000Z,0.8,8,10018,10110
2016-02-23T10:44:17.000Z,2016-02-23T10:59:31.000Z,3.72,14,10009,10005
2016-02-14T11:57:33.000Z,2016-02-14T12:07:43.000Z,1.6,8.5,10119,10003
2016-02-24T17:22:58.000Z,2016-02-24T17:30:34.000Z,0.5,6,10001,10110
2016-02-28T01:44:21.000Z,2016-02-28T02:02:52.000Z,2.3,13,10003,10003
2016-02-15T14:47:58.000Z,2016-02-15T14:53:02.000Z,0.77,5,10103,10022
2016-02-26T07:16:26.000Z,2016-02-26T07:24:10.000Z,1.2,7,10119,10017
2016-02-20T12:35:24.000Z,2016-02-20T12:58:46.000Z,3.4,17,10028,10020
2016-02-26T14:30:04.000Z,2016-02-26T14:37:07.000Z,0.66,6,10110,10171
2016-02-21T20:01:05.000Z,2016-02-21T20:21:44.000Z,4.3,16.5,10005,11215
2016-02-15T11:10:38.000Z,2016-02-15T11:41:07.000Z,18,52,10020,11422
2016-02-06T23:29:59.000Z,2016-02-06T23:47:32.000Z,3.8,15,10003,10044
2016-02-27T23:54:24.000Z,2016-02-27T23:54:27.000Z,0,2.5,10167,10167
2016-02-18T00:55:39.000Z,2016-02-18T01:13:35.000Z,5.1,17.5,11102,11206
2016-02-25T09:35:15.000Z,2016-02-25T09:40:45.000Z,0.8,5.5,10017,10154
2016-02-08T09:13:07.000Z,2016-02-08T09:20:54.000Z,1.99,8.5,10017,11109
2016-02-01T00:15:47.000Z,2016-02-01T00:19:28.000Z,1.12,5.5,10020,10001
2016-02-15T18:55:40.000Z,2016-02-15T19:03:22.000Z,1.09,7,10011,10012
2016-02-28T12:03:17.000Z,2016-02-28T12:19:34.000Z,3.64,14.5,10018,10012
2016-02-20T15:56:51.000Z,2016-02-20T16:00:35.000Z,0.5,4.5,10111,10111
2016-02-17T14:51:45.000Z,2016-02-17T15:12:10.000Z,2.7,14.5,10001,10012
2016-02-23T14:38:52.000Z,2016-02-23T14:47:04.000Z,1.89,8,11104,11106
2016-02-14T16:48:20.000Z,2016-02-14T16:52:05.000Z,0.6,4.5,10044,10021
2016-02-22T20:37:13.000Z,2016-02-22T20:55:58.000Z,3.8,15.5,10019,10009
2016-02-08T22:13:39.000Z,2016-02-08T22:37:18.000Z,5.7,20.5,10065,11372
2016-02-10T23:50:14.000Z,2016-02-10T23:57:08.000Z,1.05,6.5,10020,10017
2016-02-10T09:18:31.000Z,2016-02-10T09:24:11.000Z,0.83,6,10023,10023
2016-02-27T17:35:29.000Z,2016-02-27T17:47:15.000Z,1.69,9.5,10011,10002
2016-02-10T13:47:34.000Z,2016-02-10T14:14:23.000Z,3.32,18.5,10012,10022
2016-02-24T00:05:47.000Z,2016-02-24T00:23:23.000Z,7.5,23,10009,10455
2016-02-16T13:38:02.000Z,2016-02-16T13:49:46.000Z,2.27,10,10153,10162
2016-02-08T18:37:39.000Z,2016-02-08T19:01:07.000Z,4.93,19.5,10271,10020
2016-02-10T16:08:50.000Z,2016-02-10T16:24:57.000Z,5,17.5,11217,10009
2016-02-26T21:13:14.000Z,2016-02-26T21:17:21.000Z,0.8,5.5,10023,10021
2016-02-10T20:36:59.000Z,2016-02-10T20:47:23.000Z,2.6,10.5,10103,10028
2016-02-06T11:50:13.000Z,2016-02-06T11:56:48.000Z,1,6.5,10021,10153
2016-02-23T09:40:34.000Z,2016-02-23T09:43:57.000Z,0.46,4.5,10171,10022
2016-02-02T10:48:01.000Z,2016-02-02T11:02:30.000Z,2.31,11.5,10018,10023
2016-02-05T21:12:40.000Z,2016-02-05T21:15:59.000Z,0.5,4.5,10280,10280
2016-02-11T14:31:01.000Z,2016-02-11T14:40:19.000Z,1.38,8,10018,10111
2016-02-22T20:06:41.000Z,2016-02-22T20:11:15.000Z,0.44,5,10011,10012
2016-02-08T07:54:06.000Z,2016-02-08T08:00:34.000Z,0.95,6.5,10001,10110
2016-02-17T08:24:27.000Z,2016-02-17T08:48:27.000Z,3.4,17,10044,10199
2016-02-23T18:39:32.000Z,2016-02-23T18:55:56.000Z,2.1,11.5,10103,10017
2016-02-22T10:26:26.000Z,2016-02-22T10:59:48.000Z,17.75,52,11422,10110
2016-02-12T20:52:33.000Z,2016-02-12T20:57:24.000Z,1,6,10065,10044
2016-02-20T03:12:57.000Z,2016-02-20T03:24:36.000Z,2.32,10.5,11238,11206
2016-02-09T08:31:03.000Z,2016-02-09T08:50:10.000Z,6.7,21.5,10119,10027
2016-02-04T18:55:29.000Z,2016-02-04T19:05:24.000Z,0.87,7.5,10110,10110
2016-02-02T16:36:17.000Z,2016-02-02T16:48:39.000Z,2.1,10,10017,10011
2016-02-16T11:18:27.000Z,2016-02-16T11:30:27.000Z,1.46,9.5,10017,10020
2016-02-04T09:55:45.000Z,2016-02-04T10:28:15.000Z,4.06,21,10012,10021
2016-02-18T08:37:06.000Z,2016-02-18T08:53:06.000Z,5.57,19,10016,10282
2016-02-28T05:23:13.000Z,2016-02-28T05:28:19.000Z,1.71,7,10019,10199
2016-02-21T10:06:28.000Z,2016-02-21T10:10:26.000Z,0.61,5,10016,10110
2016-02-20T12:17:31.000Z,2016-02-20T12:33:33.000Z,3.1,13.5,10028,10001
2016-02-24T12:38:31.000Z,2016-02-24T12:51:30.000Z,1.62,9.5,10167,10021
2016-02-02T16:49:33.000Z,2016-02-02T16:54:08.000Z,0.7,5,10017,10001
2016-02-27T12:29:11.000Z,2016-02-27T12:34:55.000Z,0.94,6,10021,10065
2016-02-27T03:25:12.000Z,2016-02-27T03:33:17.000Z,1.5,7.5,10014,10003
2016-02-12T18:06:58.000Z,2016-02-12T18:25:58.000Z,3.2,14.5,11217,11221
2016-02-24T16:11:08.000Z,2016-02-24T16:36:02.000Z,4.22,18.5,10167,10025
2016-02-21T03:57:36.000Z,2016-02-21T04:13:17.000Z,4.11,15,10012,10021
2016-02-26T09:48:55.000Z,2016-02-26T09:53:08.000Z,0.71,5,10119,10199
2016-02-16T07:01:58.000Z,2016-02-16T07:52:30.000Z,13.9,44,11422,11377
2016-02-15T11:03:09.000Z,2016-02-15T11:10:17.000Z,0.4,6,10065,10065
2016-02-11T21:18:05.000Z,2016-02-11T21:47:08.000Z,6.1,24,10003,11237
2016-02-05T18:35:00.000Z,2016-02-05T18:44:26.000Z,1.82,8.5,10003,10171
2016-02-12T08:33:16.000Z,2016-02-12T08:36:19.000Z,0.38,4,10153,10065
2016-02-28T04:52:55.000Z,2016-02-28T05:11:12.000Z,7,23,10012,11377
2016-02-12T18:10:15.000Z,2016-02-12T18:16:15.000Z,1.3,7,10023,10025
2016-02-09T16:56:23.000Z,2016-02-09T17:03:40.000Z,0.98,6.5,10153,10021
2016-02-10T17:00:54.000Z,2016-02-10T17:13:29.000Z,2.16,10.5,10020,10023
2016-02-21T14:52:56.000Z,2016-02-21T14:56:45.000Z,0.5,4.5,10023,10023
2016-02-25T15:26:44.000Z,2016-02-25T15:34:50.000Z,0.89,7,10065,10022
2016-02-14T02:55:36.000Z,2016-02-14T03:00:17.000Z,1.21,6,10001,10020
2016-02-07T04:11:40.000Z,2016-02-07T04:18:52.000Z,2.16,9,10002,11211
2016-02-15T12:56:01.000Z,2016-02-15T13:09:01.000Z,1.45,9.5,10018,10022
2016-02-09T05:41:25.000Z,2016-02-09T05:44:49.000Z,1.4,6,10020,10011
2016-02-13T12:14:12.000Z,2016-02-13T12:39:04.000Z,4.3,19,10009,10023
2016-02-18T12:19:26.000Z,2016-02-18T12:32:39.000Z,1.1,9.5,10017,10119
2016-02-15T14:09:12.000Z,2016-02-15T14:14:56.000Z,0.9,6,10018,10199
2016-02-11T21:52:54.000Z,2016-02-11T22:03:00.000Z,1.9,9,10005,10012
2016-02-13T16:16:19.000Z,2016-02-13T16:23:20.000Z,1.63,8,10023,10025
2016-02-19T00:50:17.000Z,2016-02-19T01:06:51.000Z,6.59,21.5,10001,10037
2016-02-07T01:24:25.000Z,2016-02-07T01:28:51.000Z,1.03,5.5,10017,10022
2016-02-12T16:17:50.000Z,2016-02-12T16:26:27.000Z,1.03,7.5,10103,10019
2016-02-02T22:01:09.000Z,2016-02-02T22:21:43.000Z,11.15,31.5,11371,10020
2016-02-06T04:57:04.000Z,2016-02-06T05:01:53.000Z,1.3,6,10199,10019
2016-02-27T15:13:36.000Z,2016-02-27T15:21:59.000Z,1.67,8,10119,10153
2016-02-27T08:37:19.000Z,2016-02-27T08:48:49.000Z,2.79,11,10017,10023
2016-02-17T09:11:02.000Z,2016-02-17T09:21:19.000Z,1.17,8,10119,10001
2016-02-17T18:27:04.000Z,2016-02-17T19:05:01.000Z,11.6,35.5,11422,11221
2016-02-11T09:35:51.000Z,2016-02-11T10:11:07.000Z,6.3,28,10018,10005
2016-02-25T09:53:47.000Z,2016-02-25T10:07:09.000Z,1.92,10.5,10282,10002
2016-02-23T19:39:09.000Z,2016-02-23T20:17:54.000Z,18.07,52,11422,10154
2016-02-14T15:39:42.000Z,2016-02-14T15:49:50.000Z,0.94,8,10022,10019
2016-02-20T18:29:28.000Z,2016-02-20T18:51:32.000Z,2.85,15.5,10199,10013
2016-02-12T23:27:20.000Z,2016-02-12T23:29:58.000Z,0.7,4.5,10019,10020
2016-02-29T18:51:04.000Z,2016-02-29T19:03:02.000Z,3.3,12.5,10167,10002
2016-02-18T06:06:20.000Z,2016-02-18T06:16:18.000Z,3.1,12,10025,10153
2016-02-07T19:02:36.000Z,2016-02-07T19:11:21.000Z,1.69,8.5,10001,10014
2016-02-27T00:25:39.000Z,2016-02-27T00:37:21.000Z,2.43,10,10018,10014
2016-02-15T20:21:44.000Z,2016-02-15T20:23:59.000Z,0.5,3.5,10028,10028
2016-02-03T14:20:14.000Z,2016-02-03T14:24:50.000Z,0.84,5,10001,10167
2016-02-07T16:46:08.000Z,2016-02-07T16:55:08.000Z,1.1,7.5,10119,10017
2016-02-21T09:18:36.000Z,2016-02-21T09:23:32.000Z,1.2,6.5,10028,10162
2016-02-22T15:35:06.000Z,2016-02-22T15:48:16.000Z,2.3,11.5,10199,10013
2016-02-24T15:20:16.000Z,2016-02-24T15:26:11.000Z,0.68,5.5,10001,10119
2016-02-18T09:13:35.000Z,2016-02-18T09:26:35.000Z,1.2,9,10065,10167
2016-02-11T08:39:06.000Z,2016-02-11T08:58:36.000Z,3.7,16.5,10199,10280
2016-02-05T12:36:49.000Z,2016-02-05T12:42:39.000Z,1,6,10011,10001
2016-02-23T15:22:35.000Z,2016-02-23T15:32:34.000Z,0.9,7.5,10110,10001
2016-02-25T09:43:51.000Z,2016-02-25T09:48:43.000Z,0.59,5,10022,10167
2016-02-02T12:01:21.000Z,2016-02-02T12:22:52.000Z,2.65,15,10001,10019
2016-02-03T18:53:28.000Z,2016-02-03T19:04:55.000Z,2,9.5,10044,10029
2016-02-19T20:48:23.000Z,2016-02-19T21:10:11.000Z,4.75,18,10005,11238
2016-02-11T20:03:44.000Z,2016-02-11T20:25:44.000Z,4.58,18.5,10110,10044
2016-02-29T13:04:27.000Z,2016-02-29T13:09:48.000Z,0.66,5,10001,10016
2016-02-22T07:43:10.000Z,2016-02-22T07:48:52.000Z,0.8,5.5,10065,10103
2016-02-11T21:01:32.000Z,2016-02-11T21:19:53.000Z,4.33,16,10012,11215
2016-02-13T23:25:17.000Z,2016-02-13T23:29:01.000Z,0.7,4.5,10019,10103
2016-02-01T18:15:51.000Z,2016-02-01T18:26:21.000Z,1,8.5,10103,10020
2016-02-15T13:26:35.000Z,2016-02-15T13:36:25.000Z,1.2,8,10001,10020
2016-02-27T00:58:00.000Z,2016-02-27T01:02:56.000Z,1.26,6,11220,10011
2016-02-10T17:49:52.000Z,2016-02-10T17:56:20.000Z,1.11,6,11201,11205
2016-02-24T16:01:23.000Z,2016-02-24T16:21:26.000Z,2.4,13,10028,10110
2016-02-09T21:04:08.000Z,2016-02-09T21:26:10.000Z,9.3,29,10282,10028
2016-02-06T01:17:43.000Z,2016-02-06T01:29:03.000Z,1.09,8.5,10003,10011
2016-02-08T05:43:01.000Z,2016-02-08T05:48:42.000Z,1.83,7.5,10023,10167
2016-02-02T21:01:59.000Z,2016-02-02T21:11:12.000Z,1.2,7.5,10103,10018
2016-02-14T21:12:26.000Z,2016-02-14T21:25:21.000Z,2.1,10.5,10001,10002
2016-02-10T11:08:41.000Z,2016-02-10T11:23:02.000Z,1.9,10.5,10153,10029
2016-02-10T19:54:50.000Z,2016-02-10T20:22:07.000Z,16.95,52,11422,10001
2016-02-11T01:17:23.000Z,2016-02-11T01:30:39.000Z,3.89,13.5,10022,11103
2016-02-08T11:19:31.000Z,2016-02-08T11:26:55.000Z,1.2,7,10028,10044
2016-02-01T20:15:02.000Z,2016-02-01T20:29:02.000Z,2.9,12,10016,10028
2016-02-10T05:20:52.000Z,2016-02-10T05:25:14.000Z,0.7,5,10017,10110
2016-02-10T12:49:36.000Z,2016-02-10T13:01:43.000Z,1.7,9.5,10110,10021
2016-02-18T03:30:20.000Z,2016-02-18T03:42:46.000Z,2.36,11,10011,10002
2016-02-05T08:22:17.000Z,2016-02-05T08:40:51.000Z,2.7,13.5,10162,10171
2016-02-06T21:14:45.000Z,2016-02-06T21:22:42.000Z,0.85,6.5,10017,10171
2016-02-01T14:16:24.000Z,2016-02-01T14:52:02.000Z,6.4,26.5,10001,11215
2016-02-28T14:00:54.000Z,2016-02-28T14:06:03.000Z,1.22,6,10014,10199
2016-02-26T09:00:39.000Z,2016-02-26T09:15:50.000Z,2.09,11.5,10017,10011
2016-02-22T16:49:29.000Z,2016-02-22T17:07:44.000Z,7.2,22,11371,11109
2016-02-27T16:29:45.000Z,2016-02-27T16:43:35.000Z,1.85,10.5,10012,10001
2016-02-09T09:49:53.000Z,2016-02-09T09:56:18.000Z,0.79,6,10021,10029
2016-02-29T10:58:46.000Z,2016-02-29T11:26:37.000Z,1.91,17,10065,10001
2016-02-07T22:22:31.000Z,2016-02-07T22:24:51.000Z,0.6,4,10011,10011
2016-02-11T09:06:14.000Z,2016-02-11T09:09:34.000Z,0.57,4.5,10282,10013
2016-02-19T17:26:49.000Z,2016-02-19T17:31:22.000Z,1,5.5,10028,10044
2016-02-14T11:49:06.000Z,2016-02-14T11:53:54.000Z,0.7,5.5,10023,10019
2016-02-07T21:59:22.000Z,2016-02-07T22:03:08.000Z,0.8,5,10009,10016
2016-02-27T02:15:38.000Z,2016-02-27T02:20:23.000Z,0.76,5,10002,10012
2016-02-22T06:49:14.000Z,2016-02-22T06:58:00.000Z,1.99,9,10044,10152
2016-02-05T14:05:40.000Z,2016-02-05T14:12:37.000Z,0.96,6.5,10044,10028
2016-02-05T13:08:34.000Z,2016-02-05T13:20:04.000Z,2.26,10.5,10012,10017
2016-02-16T11:24:21.000Z,2016-02-16T11:49:30.000Z,4.06,18.5,10119,10021
2016-02-26T05:52:15.000Z,2016-02-26T05:58:06.000Z,1.8,7.5,10044,10022
2016-02-08T00:34:47.000Z,2016-02-08T00:45:32.000Z,3.6,13,10018,10025
2016-02-22T08:21:30.000Z,2016-02-22T08:32:59.000Z,1.9,9.5,10019,10011
2016-02-25T15:47:25.000Z,2016-02-25T16:02:12.000Z,1.4,10.5,10014,10199
2016-02-14T12:31:00.000Z,2016-02-14T12:41:26.000Z,1.2,8.5,10003,10012
2016-02-13T04:07:33.000Z,2016-02-13T04:15:29.000Z,2.3,9,10003,10154
2016-02-16T20:01:08.000Z,2016-02-16T20:37:16.000Z,9.5,33,10110,11215
2016-02-05T07:07:43.000Z,2016-02-05T07:21:02.000Z,3.47,13.5,10028,10112
2016-02-06T18:48:34.000Z,2016-02-06T19:03:44.000Z,3.67,14,10017,10023
2016-02-25T07:34:13.000Z,2016-02-25T08:17:56.000Z,12.31,38.5,11371,10171
2016-02-28T10:05:24.000Z,2016-02-28T10:25:17.000Z,10.62,30,10103,11371
2016-02-18T17:36:30.000Z,2016-02-18T17:47:27.000Z,1.9,9.5,10009,10014
2016-02-19T14:48:19.000Z,2016-02-19T15:22:40.000Z,9.1,31,11371,10003
2016-02-26T23:06:23.000Z,2016-02-26T23:25:19.000Z,3.4,15.5,10018,10026
2016-02-26T18:13:08.000Z,2016-02-26T18:23:49.000Z,2.64,11,10199,10282
2016-02-20T01:18:47.000Z,2016-02-20T01:53:29.000Z,10.26,34,10028,11233
2016-02-13T17:04:41.000Z,2016-02-13T17:06:23.000Z,0.49,3.5,10028,10028
2016-02-28T00:23:50.000Z,2016-02-28T01:01:48.000Z,7.7,29,10020,11238
2016-02-27T23:24:15.000Z,2016-02-27T23:42:59.000Z,4.02,15.5,10011,10021
2016-02-08T19:16:18.000Z,2016-02-08T19:27:56.000Z,1.94,9.5,10021,10110
2016-02-03T21:17:29.000Z,2016-02-03T21:24:06.000Z,0.9,6.5,10002,10012
2016-02-23T00:40:08.000Z,2016-02-23T00:46:46.000Z,1.76,7.5,10023,10018
2016-02-26T20:58:04.000Z,2016-02-26T21:16:05.000Z,2.6,13,10167,10012
2016-02-14T12:50:25.000Z,2016-02-14T12:56:14.000Z,1.4,6.5,10023,10021
2016-02-11T16:51:53.000Z,2016-02-11T17:19:06.000Z,11.8,33,11422,11371
2016-02-27T08:52:56.000Z,2016-02-27T09:13:28.000Z,4.04,16.5,10023,10003
2016-02-19T16:48:29.000Z,2016-02-19T16:53:50.000Z,1.06,6,10012,10011
2016-02-24T19:59:39.000Z,2016-02-24T20:09:20.000Z,1.49,8,10110,10001
2016-02-20T02:27:23.000Z,2016-02-20T02:31:50.000Z,1.06,5.5,10011,10199
2016-02-10T08:09:42.000Z,2016-02-10T08:24:08.000Z,2.49,11.5,10003,10065
2016-02-13T12:21:15.000Z,2016-02-13T12:25:15.000Z,0.4,4.5,10020,10020
2016-02-11T14:48:58.000Z,2016-02-11T14:55:21.000Z,1.09,6.5,10103,10023
2016-02-05T09:31:48.000Z,2016-02-05T09:41:27.000Z,2.08,9,10025,10028
2016-02-06T17:45:30.000Z,2016-02-06T17:47:28.000Z,0.59,4,10023,10023
2016-02-19T14:13:15.000Z,2016-02-19T14:27:40.000Z,1.8,11,10167,10003
2016-02-27T19:13:38.000Z,2016-02-27T19:18:37.000Z,0.7,5,10011,10011
2016-02-17T02:20:12.000Z,2016-02-17T02:35:30.000Z,4.5,15.5,10022,10030
2016-02-09T20:51:49.000Z,2016-02-09T21:04:17.000Z,2.1,10.5,10012,10009
2016-02-08T10:27:06.000Z,2016-02-08T10:35:42.000Z,0.6,7,10011,10003
2016-02-16T21:50:26.000Z,2016-02-16T22:08:59.000Z,6.69,21,10044,10459
2016-02-07T03:44:49.000Z,2016-02-07T03:47:45.000Z,0.8,4.5,11206,11206
2016-02-06T16:27:40.000Z,2016-02-06T16:34:13.000Z,1.3,7,10023,10162
2016-02-02T08:16:36.000Z,2016-02-02T08:36:14.000Z,2.7,14,10028,10020
2016-02-18T12:54:32.000Z,2016-02-18T12:58:52.000Z,0.6,4.5,10003,10009
2016-02-15T17:16:36.000Z,2016-02-15T17:20:46.000Z,0.89,5,10018,10199
2016-02-25T18:30:19.000Z,2016-02-25T18:41:06.000Z,0.82,8,10152,10153
2016-02-13T15:30:08.000Z,2016-02-13T15:57:24.000Z,5.31,22.5,10002,10021
2016-02-11T13:20:52.000Z,2016-02-11T13:26:07.000Z,0.5,5,10044,10021
2016-02-09T23:06:30.000Z,2016-02-09T23:34:28.000Z,13.1,37.5,10001,11366
2016-02-23T11:08:56.000Z,2016-02-23T11:17:20.000Z,1,7,10119,10110
2016-02-09T12:10:24.000Z,2016-02-09T12:20:04.000Z,1.17,8,10012,10282
2016-02-04T11:33:21.000Z,2016-02-04T11:42:29.000Z,0.62,7,10001,10110
2016-02-22T15:48:43.000Z,2016-02-22T15:58:51.000Z,0.94,8,10021,10065
2016-02-14T20:48:32.000Z,2016-02-14T20:54:21.000Z,1,6,10025,10027
2016-02-05T15:20:24.000Z,2016-02-05T15:32:35.000Z,1.8,10,10011,10018
2016-02-05T00:15:33.000Z,2016-02-05T00:18:14.000Z,1,5,10019,10023
2016-02-24T13:32:54.000Z,2016-02-24T14:12:30.000Z,16.16,46,11422,11109
2016-02-25T00:02:55.000Z,2016-02-25T00:10:27.000Z,1.3,7.5,10031,10451
2016-02-29T22:14:02.000Z,2016-02-29T22:29:31.000Z,2.81,13,10028,10017
2016-02-04T14:51:45.000Z,2016-02-04T15:53:31.000Z,17.8,52,11422,10103
2016-02-15T14:37:38.000Z,2016-02-15T14:40:03.000Z,0.3,3.5,10153,10103
2016-02-18T12:31:35.000Z,2016-02-18T12:50:59.000Z,2.12,13.5,10028,10023
2016-02-11T19:06:49.000Z,2016-02-11T19:16:26.000Z,1.93,9,10022,10028
2016-02-19T21:05:41.000Z,2016-02-19T21:23:11.000Z,2.6,14,10271,11217
2016-02-11T15:29:34.000Z,2016-02-11T15:42:07.000Z,1.7,9.5,10023,10111
2016-02-06T15:53:35.000Z,2016-02-06T16:02:21.000Z,1.6,8.5,10162,10028
2016-02-11T15:44:42.000Z,2016-02-11T16:48:25.000Z,18.8,52,11422,10014
2016-02-27T17:18:31.000Z,2016-02-27T17:24:11.000Z,0.85,5.5,11103,11102
2016-02-20T13:09:54.000Z,2016-02-20T13:35:42.000Z,8.6,28.5,11371,10009
2016-02-18T07:23:05.000Z,2016-02-18T07:26:35.000Z,0.51,4.5,10017,10167
2016-02-05T10:32:06.000Z,2016-02-05T10:38:38.000Z,0.79,6,10001,10110
2016-02-11T17:31:32.000Z,2016-02-11T17:43:08.000Z,1.74,9,10022,10023
2016-02-20T16:37:57.000Z,2016-02-20T17:26:41.000Z,18.77,52,11422,10011
2016-02-15T09:23:53.000Z,2016-02-15T09:31:01.000Z,1.6,7.5,10103,10199
2016-02-04T17:00:34.000Z,2016-02-04T17:19:51.000Z,3.7,15.5,10103,10007
2016-02-26T10:06:36.000Z,2016-02-26T10:16:37.000Z,1.1,8,10154,10021
2016-02-06T12:21:34.000Z,2016-02-06T12:30:08.000Z,1.31,7.5,10112,10001
2016-02-15T18:02:12.000Z,2016-02-15T18:41:13.000Z,10.48,34,10110,11213
2016-02-09T10:58:24.000Z,2016-02-09T11:07:56.000Z,1.14,7.5,10017,10018
2016-02-02T20:35:12.000Z,2016-02-02T20:37:25.000Z,0.43,3.5,10028,10028
2016-02-20T03:44:44.000Z,2016-02-20T03:53:55.000Z,3.92,12,10003,10044
2016-02-24T12:36:56.000Z,2016-02-24T13:22:22.000Z,10.6,37,11371,10111
2016-02-07T18:34:47.000Z,2016-02-07T18:42:08.000Z,1.4,7,10012,10003
2016-02-20T17:41:58.000Z,2016-02-20T17:51:27.000Z,2.8,10.5,11371,11105
2016-02-20T17:38:07.000Z,2016-02-20T17:46:09.000Z,1.29,7,10013,10006
2016-02-21T03:31:58.000Z,2016-02-21T03:32:28.000Z,25,0,10502,10502
2016-02-11T21:27:18.000Z,2016-02-11T21:37:20.000Z,1.34,8,10001,10003
2016-02-29T08:08:48.000Z,2016-02-29T08:16:10.000Z,0.84,6.5,10022,10167
2016-02-24T15:15:16.000Z,2016-02-24T16:18:44.000Z,10.25,42.5,10011,11371
2016-02-23T20:17:55.000Z,2016-02-23T20:24:38.000Z,1.1,6.5,10028,10065
2016-02-22T20:39:55.000Z,2016-02-22T20:45:11.000Z,0.73,5,10110,10017
2016-02-01T09:25:06.000Z,2016-02-01T09:49:07.000Z,2.5,15.5,10103,10003
2016-02-07T00:48:40.000Z,2016-02-07T00:56:19.000Z,0.7,6.5,10003,10009
2016-02-07T10:39:06.000Z,2016-02-07T10:43:05.000Z,0.68,4.5,10018,10119
2016-02-18T09:40:49.000Z,2016-02-18T09:51:59.000Z,2.27,10,10065,10018
2016-02-26T08:16:44.000Z,2016-02-26T08:21:57.000Z,0.5,5,10013,10282
2016-02-11T09:15:58.000Z,2016-02-11T09:38:35.000Z,2.71,15.5,10017,10023
2016-02-20T05:53:54.000Z,2016-02-20T06:01:04.000Z,3.1,10.5,10009,10044
2016-02-12T06:37:59.000Z,2016-02-12T06:42:56.000Z,1.16,6,10009,10003
2016-02-03T20:58:45.000Z,2016-02-03T21:08:20.000Z,1.41,8,10018,10069
2016-02-02T19:38:10.000Z,2016-02-02T19:39:21.000Z,0.2,3,10009,10009
2016-02-10T21:11:34.000Z,2016-02-10T21:19:56.000Z,1.3,7,10167,10119
2016-02-29T00:48:21.000Z,2016-02-29T01:15:44.000Z,14,40,10003,10465
2016-02-19T08:20:22.000Z,2016-02-19T08:31:39.000Z,1.2,8.5,10065,10111
2016-02-09T09:15:08.000Z,2016-02-09T09:45:10.000Z,3.4,20,10028,10001
2016-02-21T00:25:46.000Z,2016-02-21T00:36:07.000Z,2.39,10,10022,10003
2016-02-17T14:22:05.000Z,2016-02-17T14:37:52.000Z,1.94,11.5,10199,10011
2016-02-21T22:14:38.000Z,2016-02-21T22:21:37.000Z,2.1,8,10019,10011
2016-02-21T10:28:19.000Z,2016-02-21T10:36:54.000Z,1.86,8.5,10199,10069
2016-02-08T21:58:55.000Z,2016-02-08T22:06:49.000Z,1.67,8,10110,10011
2016-02-18T20:17:41.000Z,2016-02-18T20:31:05.000Z,1.1,9.5,10103,10018
2016-02-21T22:12:09.000Z,2016-02-21T22:20:21.000Z,1.74,8,10103,10199
2016-02-20T10:35:45.000Z,2016-02-20T10:41:57.000Z,1,6.5,10021,10022
2016-02-28T12:36:43.000Z,2016-02-28T12:42:58.000Z,1.1,6,10028,10028
2016-02-06T07:47:51.000Z,2016-02-06T07:53:17.000Z,1.5,6.5,10065,10028
2016-02-11T19:08:56.000Z,2016-02-11T19:16:31.000Z,1.15,7,10003,10017
2016-02-13T02:08:51.000Z,2016-02-13T02:31:19.000Z,5.88,20.5,10278,10028
2016-02-17T21:47:22.000Z,2016-02-17T21:55:03.000Z,1.13,6.5,10110,10016
2016-02-17T18:44:04.000Z,2016-02-17T18:57:58.000Z,1.88,10.5,10119,10003
2016-02-01T22:43:37.000Z,2016-02-01T23:01:04.000Z,7.9,24.5,10020,10034
2016-02-17T18:18:04.000Z,2016-02-17T18:20:38.000Z,0.61,4,10019,10069
2016-02-21T20:39:04.000Z,2016-02-21T20:52:26.000Z,2.89,12,10003,10199
2016-02-21T12:01:45.000Z,2016-02-21T12:12:58.000Z,2.83,11.5,10280,10014
2016-02-11T18:23:24.000Z,2016-02-11T19:24:35.000Z,17.18,52,10009,11422
2016-02-19T15:36:54.000Z,2016-02-19T15:55:28.000Z,2,13,10012,10001
2016-02-16T10:24:07.000Z,2016-02-16T10:52:42.000Z,8.78,28,11371,10017
2016-02-10T12:25:42.000Z,2016-02-10T12:31:40.000Z,0.68,5.5,10065,10021
2016-02-12T11:24:52.000Z,2016-02-12T11:36:42.000Z,1.7,9.5,10162,10027
2016-02-21T15:13:51.000Z,2016-02-21T15:37:44.000Z,4.1,17.5,10011,10021
2016-02-18T12:17:00.000Z,2016-02-18T12:28:09.000Z,1.7,9.5,10012,10006
2016-02-05T22:44:18.000Z,2016-02-05T22:55:37.000Z,0.97,8.5,10119,10018
2016-02-12T07:05:10.000Z,2016-02-12T07:33:22.000Z,9.8,31.5,10003,11371
2016-02-28T02:28:30.000Z,2016-02-28T02:35:23.000Z,1.3,7,10017,10003
2016-02-25T22:38:19.000Z,2016-02-25T22:55:07.000Z,1.62,11.5,10171,10001
2016-02-09T19:31:46.000Z,2016-02-09T20:05:25.000Z,6.69,25.5,10110,11238
2016-02-07T20:21:38.000Z,2016-02-07T20:29:44.000Z,1.9,8.5,10021,10162
2016-02-29T20:32:44.000Z,2016-02-29T20:59:40.000Z,6.21,21,10021,10026
2016-02-23T20:36:53.000Z,2016-02-23T21:03:59.000Z,6.63,24,10022,11205
2016-02-14T19:13:55.000Z,2016-02-14T19:17:38.000Z,0.5,4.5,10001,10003
2016-02-10T09:34:25.000Z,2016-02-10T09:44:29.000Z,1.57,8.5,10018,10103
2016-02-25T16:44:49.000Z,2016-02-25T16:47:41.000Z,0.53,4.5,10003,10016
2016-02-20T14:44:40.000Z,2016-02-20T14:49:23.000Z,0.9,5.5,10029,10021
2016-02-19T07:14:31.000Z,2016-02-19T07:29:02.000Z,3.75,14,10029,10171
2016-02-25T16:53:06.000Z,2016-02-25T16:57:21.000Z,1.08,5.5,10021,10028
2016-02-26T16:58:05.000Z,2016-02-26T17:12:05.000Z,2.02,11,10023,10154
2016-02-20T00:22:55.000Z,2016-02-20T00:26:23.000Z,0.8,5,10162,10029
2016-02-02T08:19:45.000Z,2016-02-02T08:47:06.000Z,7.91,28,10044,10282
2016-02-28T17:58:40.000Z,2016-02-28T18:18:35.000Z,3,14.5,10110,10012
2016-02-16T06:29:36.000Z,2016-02-16T06:32:52.000Z,0.9,5,10028,10065
2016-02-08T08:21:30.000Z,2016-02-08T08:29:05.000Z,0.8,6.5,10003,10011
2016-02-28T01:21:55.000Z,2016-02-28T01:33:27.000Z,3.1,11.5,10002,10017
2016-02-02T06:53:27.000Z,2016-02-02T06:58:25.000Z,1.24,6,10016,10171
2016-02-14T19:43:27.000Z,2016-02-14T19:47:55.000Z,1,5.5,10023,10065
2016-02-24T17:57:59.000Z,2016-02-24T18:10:34.000Z,2.16,10.5,10020,10011
2016-02-23T11:59:06.000Z,2016-02-23T12:13:16.000Z,3.21,13,10005,10009
2016-02-26T18:59:20.000Z,2016-02-26T19:01:54.000Z,0.5,4,10002,10002
2016-02-06T11:19:26.000Z,2016-02-06T11:24:55.000Z,2.35,9,10065,10009
2016-02-26T17:30:51.000Z,2016-02-26T17:51:48.000Z,2.07,14,10199,10171
2016-02-11T03:37:56.000Z,2016-02-11T03:58:56.000Z,5.3,19.5,10199,11211
2016-02-25T19:55:46.000Z,2016-02-25T20:17:20.000Z,6.51,22,10006,10022
2016-02-11T23:59:13.000Z,2016-02-12T00:04:49.000Z,1.7,7,11217,11213
2016-02-16T20:54:43.000Z,2016-02-16T21:05:14.000Z,1.3,8.5,10171,10001
2016-02-16T19:02:49.000Z,2016-02-16T19:08:08.000Z,0.9,5.5,10018,10199
2016-02-29T18:59:59.000Z,2016-02-29T19:18:08.000Z,2.3,13,10152,10199
2016-02-27T12:48:12.000Z,2016-02-27T13:09:28.000Z,2.8,15,10018,10009
2016-02-15T16:16:33.000Z,2016-02-15T16:47:27.000Z,5,22,10023,10009
2016-02-02T19:41:38.000Z,2016-02-02T19:50:40.000Z,1.8,8.5,10103,10162
2016-02-21T19:30:32.000Z,2016-02-21T19:35:26.000Z,0.85,5.5,10018,10020
2016-02-28T21:55:27.000Z,2016-02-28T21:59:43.000Z,1,5.5,10110,10003
2016-02-03T18:13:33.000Z,2016-02-03T18:47:10.000Z,3.2,21,10011,10065
2016-02-19T12:33:53.000Z,2016-02-19T13:03:38.000Z,17.17,52,10001,11422
2016-02-17T17:58:55.000Z,2016-02-17T18:07:48.000Z,1.3,7.5,10003,10278
2016-02-21T10:33:08.000Z,2016-02-21T10:37:36.000Z,1.5,6.5,10012,10001
2016-02-13T00:22:21.000Z,2016-02-13T00:25:37.000Z,0.3,4,10003,10009
2016-02-06T22:54:13.000Z,2016-02-06T23:23:51.000Z,7.7,27,10003,11219
2016-02-21T06:56:05.000Z,2016-02-21T07:05:25.000Z,1.56,8.5,11377,11104
2016-02-09T16:45:12.000Z,2016-02-09T16:49:07.000Z,0.67,4.5,10199,10119
2016-02-29T19:07:14.000Z,2016-02-29T19:11:33.000Z,1.1,5.5,10022,10017
2016-02-26T17:57:40.000Z,2016-02-26T18:14:33.000Z,3.21,14,10003,11211
2016-02-21T00:53:59.000Z,2016-02-21T01:22:47.000Z,4.62,20.5,10023,10012
2016-02-15T12:26:09.000Z,2016-02-15T12:35:01.000Z,1.61,8,10003,10002
2016-02-25T01:46:03.000Z,2016-02-25T01:50:33.000Z,1.1,5.5,11238,11216
2016-02-14T17:43:44.000Z,2016-02-14T18:02:16.000Z,2.24,13,10001,10278
2016-02-25T05:21:43.000Z,2016-02-25T05:28:59.000Z,1.2,7,10001,10017
2016-02-01T20:48:13.000Z,2016-02-01T20:56:36.000Z,1.3,7.5,10001,10017
2016-02-08T11:08:58.000Z,2016-02-08T11:37:25.000Z,9.5,31,11371,10167
2016-02-29T17:42:22.000Z,2016-02-29T17:48:19.000Z,1.2,6.5,10022,10021
2016-02-19T17:05:19.000Z,2016-02-19T17:13:46.000Z,1.13,7.5,10153,10019
2016-02-14T00:47:10.000Z,2016-02-14T00:58:51.000Z,2.5,10.5,10011,10271
2016-02-29T09:44:36.000Z,2016-02-29T09:55:49.000Z,1.1,8.5,10011,10199
2016-02-18T22:23:59.000Z,2016-02-18T22:40:47.000Z,5.4,18,11231,10002
2016-02-29T11:11:58.000Z,2016-02-29T11:22:33.000Z,1.15,8,10110,10167
2016-02-04T19:13:10.000Z,2016-02-04T19:21:10.000Z,1.5,7.5,10023,10021
2016-02-26T12:49:27.000Z,2016-02-26T12:56:19.000Z,0.63,6,10019,10023
2016-02-19T01:10:02.000Z,2016-02-19T01:31:04.000Z,11.3,32,10003,11368
2016-02-23T19:18:01.000Z,2016-02-23T19:26:38.000Z,0.8,7,10017,10171
2016-02-18T19:02:16.000Z,2016-02-18T19:22:10.000Z,8.2,25,11371,10028
2016-02-23T09:49:51.000Z,2016-02-23T10:06:59.000Z,2.7,13,10023,10119
2016-02-18T13:00:09.000Z,2016-02-18T13:03:00.000Z,0.4,4,10028,10028
2016-02-24T17:57:52.000Z,2016-02-24T18:24:47.000Z,3.95,19,11215,11221
2016-02-12T22:51:57.000Z,2016-02-12T22:56:05.000Z,0.7,5,10018,10199
2016-02-25T11:45:20.000Z,2016-02-25T11:50:10.000Z,1,5.5,10023,10018
2016-02-05T22:41:54.000Z,2016-02-05T22:53:12.000Z,1.2,8.5,10012,10002
2016-02-05T23:15:32.000Z,2016-02-05T23:20:13.000Z,1,5.5,10011,10013
2016-02-19T23:20:38.000Z,2016-02-19T23:36:15.000Z,2,11.5,10019,10017
2016-02-23T06:23:37.000Z,2016-02-23T06:33:47.000Z,1.9,9.5,10119,10019
2016-02-12T15:21:57.000Z,2016-02-12T15:27:03.000Z,0.5,5,10003,10009
2016-02-01T17:02:41.000Z,2016-02-01T17:06:00.000Z,0.4,4,10017,10110
2016-02-27T18:44:40.000Z,2016-02-27T19:09:12.000Z,2.3,16,10014,10002
2016-02-13T12:55:19.000Z,2016-02-13T13:01:28.000Z,0.9,6,10011,10014
2016-02-20T21:50:17.000Z,2016-02-20T21:53:02.000Z,0.58,4,10001,10119
2016-02-26T08:30:49.000Z,2016-02-26T08:40:20.000Z,1.2,8,10119,10167
2016-02-20T13:48:48.000Z,2016-02-20T13:52:10.000Z,0.6,4.5,10154,10065
2016-02-26T03:49:38.000Z,2016-02-26T04:03:18.000Z,4.5,15.5,10014,11211
2016-02-18T10:02:50.000Z,2016-02-18T10:05:42.000Z,0.49,4,10162,10025
2016-02-28T17:58:07.000Z,2016-02-28T17:59:40.000Z,0.3,3.5,10065,10022
2016-02-10T23:27:25.000Z,2016-02-10T23:33:26.000Z,1.2,6.5,10012,10003
2016-02-26T14:58:57.000Z,2016-02-26T15:09:44.000Z,1.7,9,10111,10011
2016-02-16T14:20:51.000Z,2016-02-16T14:29:05.000Z,0.7,6.5,10028,10021
2016-02-22T14:57:35.000Z,2016-02-22T15:14:10.000Z,2.6,12.5,10111,10014
2016-02-19T16:49:32.000Z,2016-02-19T16:57:51.000Z,3.59,12,11371,11102
2016-02-11T21:23:39.000Z,2016-02-11T21:29:51.000Z,1.5,7,10018,10023
2016-02-07T14:18:02.000Z,2016-02-07T14:27:23.000Z,1.42,8,10021,10153
2016-02-20T23:41:25.000Z,2016-02-20T23:49:51.000Z,1.32,7.5,10017,10003
2016-02-23T21:06:59.000Z,2016-02-23T21:24:27.000Z,3.5,15.5,10003,11217
2016-02-27T22:39:09.000Z,2016-02-27T23:05:28.000Z,5.25,20,10026,10014
2016-02-24T06:15:46.000Z,2016-02-24T06:24:00.000Z,1.7,8,10069,10112
2016-02-12T13:15:35.000Z,2016-02-12T13:33:33.000Z,1.33,11.5,10167,10153
2016-02-18T14:13:53.000Z,2016-02-18T14:22:38.000Z,1,7,10171,10110
2016-02-17T18:35:37.000Z,2016-02-17T18:40:11.000Z,0.5,5,10103,10022
2016-02-11T00:48:26.000Z,2016-02-11T01:00:39.000Z,3.3,12.5,10013,10018
2016-02-18T11:59:54.000Z,2016-02-18T12:16:22.000Z,2.2,12.5,10013,10001
2016-02-01T20:25:00.000Z,2016-02-01T20:34:35.000Z,1,7.5,10014,10012
2016-02-08T17:09:27.000Z,2016-02-08T17:11:56.000Z,0.7,4,10017,10001
2016-02-26T00:26:54.000Z,2016-02-26T00:29:37.000Z,0.37,4,10012,10011
2016-02-23T19:51:14.000Z,2016-02-23T19:59:39.000Z,1,7,10011,10001
2016-02-18T16:09:17.000Z,2016-02-18T16:20:59.000Z,1.4,9,10171,10019
2016-02-08T12:46:01.000Z,2016-02-08T12:54:27.000Z,1.52,7.5,10019,10065
2016-02-10T00:20:48.000Z,2016-02-10T00:28:53.000Z,2.6,10,10022,10002
2016-02-22T15:18:17.000Z,2016-02-22T15:24:52.000Z,0.9,6,10110,10103
2016-02-08T18:59:53.000Z,2016-02-08T19:11:10.000Z,3,11,10199,10023
2016-02-28T18:49:03.000Z,2016-02-28T18:56:21.000Z,1.66,7.5,10014,10282
2016-02-23T06:41:04.000Z,2016-02-23T06:44:49.000Z,0.67,5,10065,10022
2016-02-27T22:44:24.000Z,2016-02-27T23:10:19.000Z,6.34,23.5,10014,10028
2016-02-13T09:14:14.000Z,2016-02-13T09:26:51.000Z,2.12,11,10009,10167
2016-02-29T18:38:27.000Z,2016-02-29T18:55:09.000Z,4.1,15,10119,11201
2016-02-10T11:30:14.000Z,2016-02-10T11:35:02.000Z,1,5.5,10023,10162
2016-02-13T11:35:06.000Z,2016-02-13T11:43:36.000Z,0.64,7,10110,10018
2016-02-20T10:38:01.000Z,2016-02-20T10:47:59.000Z,2,9.5,10020,10021
2016-02-07T01:55:30.000Z,2016-02-07T02:15:09.000Z,9.67,28.5,10028,11217
2016-02-04T22:29:56.000Z,2016-02-04T22:31:09.000Z,0.3,3,10069,10069
2016-02-12T17:41:50.000Z,2016-02-12T17:47:01.000Z,0.7,5.5,10030,10027
2016-02-08T15:17:03.000Z,2016-02-08T15:25:10.000Z,1.01,7,10028,10021
2016-02-29T11:08:20.000Z,2016-02-29T11:12:11.000Z,0.57,4.5,10003,10003
2016-02-18T03:05:49.000Z,2016-02-18T03:11:32.000Z,1.1,6,11237,11206
2016-02-13T14:49:26.000Z,2016-02-13T14:57:09.000Z,1.5,8,10021,10022
2016-02-09T18:39:10.000Z,2016-02-09T18:45:20.000Z,1.43,7,10282,10005
2016-02-24T17:09:17.000Z,2016-02-24T17:24:13.000Z,2.48,12,10199,10012
2016-02-06T23:18:10.000Z,2016-02-06T23:35:18.000Z,3.51,45,10013,7302
2016-02-04T16:25:03.000Z,2016-02-04T16:29:17.000Z,0.56,4.5,10014,10014
2016-02-29T04:49:48.000Z,2016-02-29T05:20:10.000Z,17.95,52,10020,11422
2016-02-06T20:34:03.000Z,2016-02-06T20:36:29.000Z,0.3,3.5,10012,10011
2016-02-13T12:42:08.000Z,2016-02-13T13:02:00.000Z,2.3,13.5,10199,10153
2016-02-27T12:01:07.000Z,2016-02-27T12:04:16.000Z,0.7,4.5,10110,10167
2016-02-16T22:31:32.000Z,2016-02-16T22:52:04.000Z,4.74,18,10003,10028
2016-02-04T00:22:10.000Z,2016-02-04T00:49:22.000Z,2.2,17.5,10001,10001
2016-02-09T19:47:32.000Z,2016-02-09T19:56:57.000Z,1.27,8,10001,10009
2016-02-01T07:42:11.000Z,2016-02-01T07:51:59.000Z,1.4,8,10199,10009
2016-02-09T21:12:53.000Z,2016-02-09T21:42:53.000Z,10.8,34,10002,10032
2016-02-04T14:27:07.000Z,2016-02-04T14:38:19.000Z,1.8,9.5,10065,10028
2016-02-25T11:19:45.000Z,2016-02-25T11:36:44.000Z,1.87,12,10012,10001
2016-02-24T22:12:18.000Z,2016-02-24T22:18:34.000Z,1.17,7,10013,10007
2016-02-22T12:21:31.000Z,2016-02-22T12:29:28.000Z,1.1,6.5,10199,10119
2016-02-13T13:19:11.000Z,2016-02-13T13:30:48.000Z,2.57,11,10003,10022
2016-02-13T11:02:22.000Z,2016-02-13T11:14:39.000Z,1.5,9.5,10011,10011
2016-02-12T09:54:15.000Z,2016-02-12T10:03:18.000Z,0.4,7,10199,10199
2016-02-05T10:59:50.000Z,2016-02-05T11:10:52.000Z,1.96,9.5,10028,10023
2016-02-08T20:15:40.000Z,2016-02-08T20:31:06.000Z,2.5,12,10111,10012
2016-02-25T07:10:39.000Z,2016-02-25T07:15:35.000Z,1.1,5.5,11217,11205
2016-02-13T21:47:21.000Z,2016-02-13T21:59:11.000Z,1.53,9,10011,10016
2016-02-19T11:38:40.000Z,2016-02-19T11:47:10.000Z,1.28,7.5,10162,10021
2016-02-20T10:39:06.000Z,2016-02-20T10:48:32.000Z,1.5,8.5,10022,10018
2016-02-17T08:52:20.000Z,2016-02-17T09:01:01.000Z,1.3,7.5,10065,10044
2016-02-12T16:23:08.000Z,2016-02-12T16:27:08.000Z,0.8,5,10001,10011
2016-02-08T12:20:14.000Z,2016-02-08T12:30:56.000Z,2.3,10,10025,10028
2016-02-12T15:08:32.000Z,2016-02-12T15:14:50.000Z,0.6,6,10022,10171
2016-02-22T11:22:46.000Z,2016-02-22T11:45:42.000Z,10.1,30.5,10003,11371
2016-02-08T08:50:57.000Z,2016-02-08T08:58:33.000Z,0.5,6,10028,10028
2016-02-22T21:40:56.000Z,2016-02-22T21:44:47.000Z,1.07,5.5,10011,10199
2016-02-20T12:17:29.000Z,2016-02-20T12:24:58.000Z,1,7,10001,10014
2016-02-12T00:50:24.000Z,2016-02-12T01:06:29.000Z,3.7,14.5,10001,10028
2016-02-18T10:09:03.000Z,2016-02-18T10:24:36.000Z,1.3,10.5,10119,10111
2016-02-15T22:11:22.000Z,2016-02-15T22:13:28.000Z,0.65,4,10009,10003
2016-02-09T18:13:59.000Z,2016-02-09T18:25:50.000Z,1.3,9,10020,10001
2016-02-13T22:26:13.000Z,2016-02-13T22:36:10.000Z,1,7.5,10012,10011
2016-02-26T21:29:29.000Z,2016-02-26T21:34:33.000Z,1.14,6,10153,10021
2016-02-17T17:10:59.000Z,2016-02-17T17:28:36.000Z,1.37,11.5,10017,10022
2016-02-24T20:28:53.000Z,2016-02-24T20:35:30.000Z,1.3,7,10009,10009
2016-02-16T15:28:21.000Z,2016-02-16T15:42:23.000Z,1.34,10,10110,10020
2016-02-13T22:10:11.000Z,2016-02-13T22:40:44.000Z,4.47,21.5,10011,10065
2016-02-14T17:27:29.000Z,2016-02-14T17:39:27.000Z,2.1,10.5,10019,10028
2016-02-26T15:46:57.000Z,2016-02-26T17:03:50.000Z,17.86,52,10011,11422
2016-02-08T19:38:11.000Z,2016-02-08T19:48:50.000Z,2.1,9.5,10020,10162
2016-02-26T07:49:03.000Z,2016-02-26T08:05:31.000Z,1.99,12,10029,10162
2016-02-06T23:32:07.000Z,2016-02-06T23:41:27.000Z,1.49,8,10011,10119
2016-02-03T21:27:50.000Z,2016-02-03T21:45:39.000Z,3.24,14,10018,10002
2016-02-22T17:55:40.000Z,2016-02-22T18:00:32.000Z,0.44,4.5,10111,10020
2016-02-20T11:04:55.000Z,2016-02-20T11:13:02.000Z,1.36,7.5,10017,10065
2016-02-08T13:46:47.000Z,2016-02-08T14:11:16.000Z,11.86,35,11371,11426
2016-02-13T01:25:54.000Z,2016-02-13T01:30:33.000Z,1,5.5,11231,11231
2016-02-21T18:33:11.000Z,2016-02-21T19:44:18.000Z,13.37,54,10001,7304
2016-02-06T00:29:30.000Z,2016-02-06T00:56:28.000Z,7.22,26,10007,10025
2016-02-20T23:43:52.000Z,2016-02-21T00:10:18.000Z,6.12,23,10029,10119
2016-02-23T20:17:49.000Z,2016-02-23T20:21:25.000Z,0.39,4.5,10003,10003
2016-02-28T18:54:40.000Z,2016-02-28T19:01:46.000Z,1.08,6.5,10119,10016
2016-02-26T16:30:16.000Z,2016-02-26T16:40:43.000Z,1.7,9,10011,10110
2016-02-07T03:58:33.000Z,2016-02-07T04:04:00.000Z,1.04,6,10002,10009
2016-02-23T18:24:40.000Z,2016-02-23T18:27:03.000Z,0.3,3.5,10028,10028
2016-02-04T21:27:22.000Z,2016-02-04T21:46:49.000Z,7,23,10014,10030
2016-02-02T10:28:03.000Z,2016-02-02T10:33:35.000Z,1.3,6,10103,10069
2016-02-28T01:28:35.000Z,2016-02-28T01:35:40.000Z,1.6,8,10023,10028
2016-02-02T02:22:06.000Z,2016-02-02T02:30:38.000Z,1.7,8,10018,10110
2016-02-16T17:24:36.000Z,2016-02-16T18:03:37.000Z,3.09,23.5,10012,10001
2016-02-10T22:54:38.000Z,2016-02-10T23:01:21.000Z,1.4,7,10110,10001
2016-02-06T15:48:53.000Z,2016-02-06T15:56:36.000Z,1.77,8,10014,10018
2016-02-04T20:08:11.000Z,2016-02-04T20:15:00.000Z,1.1,6.5,10009,10003
2016-02-12T20:55:23.000Z,2016-02-12T21:02:05.000Z,0.87,6,10110,10017
2016-02-16T18:33:46.000Z,2016-02-16T18:49:00.000Z,1.2,10.5,10011,10018
2016-02-21T12:06:12.000Z,2016-02-21T12:21:52.000Z,2.08,11,10119,10022
2016-02-13T00:26:19.000Z,2016-02-13T00:39:45.000Z,3.25,12.5,10002,11217
2016-02-24T12:37:07.000Z,2016-02-24T12:58:43.000Z,2.28,14.5,10019,10110
2016-02-13T22:28:27.000Z,2016-02-13T22:31:40.000Z,0.3,4,10014,10011
2016-02-03T14:13:44.000Z,2016-02-03T14:26:01.000Z,3.42,13,10002,10271
2016-02-15T12:57:59.000Z,2016-02-15T13:01:40.000Z,0.4,4.5,10162,10025
2016-02-25T12:54:31.000Z,2016-02-25T13:27:20.000Z,4.1,21.5,10271,10171
2016-02-02T06:04:07.000Z,2016-02-02T06:19:16.000Z,4.4,15,10271,10020
2016-02-25T19:31:12.000Z,2016-02-25T19:48:39.000Z,2.46,13,10020,10044
2016-02-20T04:04:34.000Z,2016-02-20T04:14:44.000Z,2.8,10.5,10011,10103
2016-02-18T13:37:27.000Z,2016-02-18T13:41:10.000Z,0.47,4.5,10021,10021
2016-02-12T10:15:42.000Z,2016-02-12T10:43:46.000Z,9.26,29.5,11371,10017
2016-02-02T14:14:06.000Z,2016-02-02T14:35:27.000Z,1.3,13.5,10028,10028
2016-02-11T08:44:56.000Z,2016-02-11T08:51:12.000Z,1.08,6,11102,11106
2016-02-15T10:49:02.000Z,2016-02-15T11:24:21.000Z,19.01,52,11422,10012
2016-02-24T08:23:21.000Z,2016-02-24T08:34:23.000Z,1.98,10,10002,10017
2016-02-23T11:02:49.000Z,2016-02-23T11:08:49.000Z,1.11,6.5,10023,10162
2016-02-12T10:32:48.000Z,2016-02-12T10:45:30.000Z,4.2,14.5,10017,10005
2016-02-02T10:35:36.000Z,2016-02-02T11:09:19.000Z,9.1,30,11371,10021
2016-02-18T15:46:40.000Z,2016-02-18T15:49:10.000Z,0.42,4,10003,10003
2016-02-18T14:36:01.000Z,2016-02-18T14:41:31.000Z,1.7,7.5,10011,10282
2016-02-24T10:46:11.000Z,2016-02-24T11:00:28.000Z,1.21,10,10011,10016
2016-02-12T18:51:44.000Z,2016-02-12T18:54:24.000Z,0.4,4,10021,10065
2016-02-16T20:45:37.000Z,2016-02-16T20:47:27.000Z,0.4,3.5,10044,10044
2016-02-16T15:38:11.000Z,2016-02-16T15:46:23.000Z,1.2,7,10014,10013
2016-02-18T22:10:37.000Z,2016-02-18T22:26:50.000Z,1.78,11,10021,10153
2016-02-05T07:42:58.000Z,2016-02-05T07:50:00.000Z,1.5,7.5,10011,10012
2016-02-06T16:01:02.000Z,2016-02-06T16:12:49.000Z,0.91,8.5,10111,10022
2016-02-08T19:19:38.000Z,2016-02-08T19:27:32.000Z,1.6,8,10103,10021
2016-02-10T21:02:20.000Z,2016-02-10T21:09:14.000Z,1.57,7.5,10162,10044
2016-02-23T17:20:46.000Z,2016-02-23T17:54:15.000Z,6.64,26,10007,10171
2016-02-01T22:33:56.000Z,2016-02-01T22:44:29.000Z,2.8,11,10044,10026
2016-02-04T23:02:30.000Z,2016-02-04T23:08:41.000Z,1.43,7,10020,10011
2016-02-21T20:42:45.000Z,2016-02-21T20:48:34.000Z,1.24,6,10031,10030
2016-02-13T18:20:38.000Z,2016-02-13T18:43:41.000Z,3.16,16.5,10002,10111
2016-02-21T00:48:54.000Z,2016-02-21T01:05:32.000Z,8.1,24,10002,11105
2016-02-13T19:27:31.000Z,2016-02-13T19:40:29.000Z,1.65,9,11101,11104
2016-02-14T05:24:12.000Z,2016-02-14T05:40:34.000Z,7.77,23.5,10154,10452
2016-02-07T03:21:36.000Z,2016-02-07T03:27:55.000Z,2.1,8,10154,10003
2016-02-15T18:29:57.000Z,2016-02-15T18:36:37.000Z,0.82,6,10199,10018
2016-02-28T17:41:33.000Z,2016-02-28T17:46:03.000Z,0.6,5,10001,10001
2016-02-16T13:22:43.000Z,2016-02-16T13:35:59.000Z,1.74,10,10119,10103
2016-02-25T01:23:33.000Z,2016-02-25T01:40:23.000Z,10.3,28.5,11371,10002
2016-02-11T18:18:38.000Z,2016-02-11T18:23:52.000Z,0.7,5.5,10012,10012
2016-02-09T10:33:30.000Z,2016-02-09T10:57:25.000Z,2.52,15.5,10021,10110
2016-02-10T22:00:35.000Z,2016-02-10T22:05:33.000Z,0.74,5,10006,10271
2016-02-11T19:36:31.000Z,2016-02-11T19:39:41.000Z,0.74,4.5,10013,10007
2016-02-16T17:50:21.000Z,2016-02-16T18:01:25.000Z,2,10,10025,10019
2016-02-12T22:24:29.000Z,2016-02-12T22:53:09.000Z,18.7,52,11422,10065
2016-02-15T09:17:40.000Z,2016-02-15T09:24:08.000Z,1.69,7.5,10014,10013
2016-02-13T20:44:47.000Z,2016-02-13T21:12:42.000Z,5,20.5,11211,11233
2016-02-29T04:09:51.000Z,2016-02-29T04:18:29.000Z,3.7,12,10001,10028
2016-02-12T23:33:51.000Z,2016-02-12T23:50:34.000Z,3.09,13.5,10103,10003
2016-02-06T17:29:33.000Z,2016-02-06T17:47:27.000Z,3.4,14.5,10119,10162
2016-02-19T17:52:41.000Z,2016-02-19T18:18:13.000Z,3.74,17.5,10020,10002
2016-02-23T16:03:00.000Z,2016-02-23T16:16:23.000Z,0.8,9,10021,10065
2016-02-26T21:51:05.000Z,2016-02-26T22:10:24.000Z,4,15.5,10111,10007
2016-02-08T15:34:43.000Z,2016-02-08T15:35:28.000Z,0,52,10110,10110
2016-02-27T23:12:06.000Z,2016-02-27T23:34:37.000Z,5.7,20,10014,10029
2016-02-23T10:14:47.000Z,2016-02-23T10:21:49.000Z,0.8,6.5,10012,10013
2016-02-19T10:44:14.000Z,2016-02-19T11:05:53.000Z,5.03,19,10020,10282
2016-02-09T13:06:26.000Z,2016-02-09T13:16:19.000Z,1.16,8,10020,10023
2016-02-12T19:16:30.000Z,2016-02-12T19:26:59.000Z,2.07,9.5,10026,10029
2016-02-25T08:53:27.000Z,2016-02-25T09:21:46.000Z,5.98,23,10023,10006
2016-02-11T00:26:18.000Z,2016-02-11T00:48:15.000Z,4.71,17.5,10020,10006
2016-02-07T01:19:08.000Z,2016-02-07T01:30:44.000Z,2.05,10,10153,10021
2016-02-08T06:52:19.000Z,2016-02-08T07:03:52.000Z,2.96,11.5,10013,10020
2016-02-23T14:09:37.000Z,2016-02-23T14:13:05.000Z,0.56,4.5,10009,10003
2016-02-07T15:26:38.000Z,2016-02-07T15:32:26.000Z,1.4,7,10028,10162
2016-02-02T00:06:38.000Z,2016-02-02T00:15:40.000Z,1.9,8.5,10017,10019
2016-02-03T12:14:12.000Z,2016-02-03T12:35:08.000Z,1.6,13,10001,10103
2016-02-12T13:36:57.000Z,2016-02-12T13:47:23.000Z,1.5,8.5,10119,10103
2016-02-16T10:59:26.000Z,2016-02-16T11:01:37.000Z,0.23,3.5,10021,10028
2016-02-12T17:45:56.000Z,2016-02-12T17:53:21.000Z,1.28,7,10001,10014
2016-02-29T15:35:29.000Z,2016-02-29T15:39:04.000Z,0.4,4,10199,10199
2016-02-24T08:16:42.000Z,2016-02-24T08:40:27.000Z,2.2,16,10022,10003
2016-02-03T22:19:39.000Z,2016-02-03T22:28:59.000Z,1.33,8,10103,10110
2016-02-19T21:43:19.000Z,2016-02-19T21:56:20.000Z,1.28,9,10011,10003
2016-02-07T20:45:32.000Z,2016-02-07T20:53:19.000Z,1.64,7.5,11223,10017
2016-02-24T18:54:13.000Z,2016-02-24T19:00:50.000Z,0.8,6,10003,10012
2016-02-08T14:00:43.000Z,2016-02-08T14:45:48.000Z,18.4,52,11422,10001
2016-02-15T13:53:01.000Z,2016-02-15T14:01:16.000Z,1,7,10025,10162
2016-02-09T15:40:48.000Z,2016-02-09T15:52:45.000Z,1.31,9,10001,10017
2016-02-25T11:31:00.000Z,2016-02-25T11:34:55.000Z,0.2,4.5,10018,10018
2016-02-17T09:35:39.000Z,2016-02-17T09:43:28.000Z,0.9,6.5,10007,10278
2016-02-06T18:42:33.000Z,2016-02-06T19:21:03.000Z,9.6,34.5,10025,10462
2016-02-21T02:10:28.000Z,2016-02-21T02:22:34.000Z,2.1,10,10002,10006
2016-02-18T18:26:31.000Z,2016-02-18T18:34:43.000Z,1.09,7.5,10020,10001
2016-02-14T10:01:53.000Z,2016-02-14T10:22:35.000Z,5.3,19,10001,10044
2016-02-11T02:21:35.000Z,2016-02-11T02:29:48.000Z,1.2,7,11211,11211
2016-02-26T22:45:13.000Z,2016-02-26T22:51:00.000Z,1.6,7,10014,10282
2016-02-06T17:25:18.000Z,2016-02-06T17:54:41.000Z,4.9,22,10011,10021
2016-02-29T14:47:45.000Z,2016-02-29T15:09:47.000Z,7,24,10021,10032
2016-02-04T12:19:02.000Z,2016-02-04T12:41:00.000Z,1.2,13.5,10001,10103
2016-02-26T11:09:40.000Z,2016-02-26T11:20:31.000Z,0.85,8,10018,10199
2016-02-08T07:26:11.000Z,2016-02-08T07:33:15.000Z,1.4,7.5,10009,10171
2016-02-02T09:29:00.000Z,2016-02-02T09:40:56.000Z,1.98,9.5,10278,10014
2016-02-13T18:45:47.000Z,2016-02-13T18:56:51.000Z,1,8,10014,10001
2016-02-12T19:07:18.000Z,2016-02-12T19:13:43.000Z,0.86,6,10012,10011
2016-02-01T17:35:12.000Z,2016-02-01T17:38:32.000Z,0.9,5,10012,10014
2016-02-26T01:42:26.000Z,2016-02-26T02:02:21.000Z,4.4,17,10002,11215
2016-02-04T09:06:24.000Z,2016-02-04T09:36:32.000Z,5.6,23,11101,10001
2016-02-23T09:13:41.000Z,2016-02-23T09:39:03.000Z,2.9,17,10103,10014
2016-02-28T10:36:54.000Z,2016-02-28T10:38:08.000Z,0.6,3.5,10014,10199
2016-02-25T12:37:39.000Z,2016-02-25T12:45:41.000Z,0.68,6.5,10167,10153
2016-02-18T13:22:41.000Z,2016-02-18T13:30:52.000Z,1.3,7.5,10110,10103
2016-02-28T22:46:32.000Z,2016-02-28T23:01:26.000Z,3.82,14,10112,10011
2016-02-05T21:37:50.000Z,2016-02-05T21:49:52.000Z,1,8.5,10007,10271
2016-02-13T22:40:22.000Z,2016-02-13T22:46:16.000Z,0.5,5.5,10011,10014
2016-02-01T17:37:58.000Z,2016-02-01T18:30:57.000Z,21.07,52,11422,10103
2016-02-04T19:11:07.000Z,2016-02-04T19:26:01.000Z,1.7,10.5,10022,10003
2016-02-18T18:39:23.000Z,2016-02-18T18:45:33.000Z,0.8,6,10044,10028
2016-02-08T08:56:04.000Z,2016-02-08T09:05:16.000Z,2.58,9.5,10005,10009
2016-02-16T09:13:56.000Z,2016-02-16T09:18:26.000Z,0.5,5,10167,10110
2016-02-19T14:28:57.000Z,2016-02-19T14:46:26.000Z,5.34,18.5,10044,10012
2016-02-22T19:03:49.000Z,2016-02-22T19:12:15.000Z,1.62,8,10021,10162
2016-02-13T13:45:21.000Z,2016-02-13T13:57:47.000Z,2.3,11,10021,10167
2016-02-12T21:25:26.000Z,2016-02-12T21:43:25.000Z,1.47,12,10167,10119
2016-02-06T13:35:59.000Z,2016-02-06T13:51:59.000Z,1.61,11.5,10001,10018
2016-02-17T10:43:55.000Z,2016-02-17T10:49:34.000Z,0.9,5.5,10003,10011
2016-02-10T18:08:16.000Z,2016-02-10T18:14:59.000Z,1.27,6.5,10028,10021
2016-02-16T10:00:50.000Z,2016-02-16T10:12:30.000Z,0.83,8.5,10110,10119
2016-02-01T07:24:13.000Z,2016-02-01T07:28:48.000Z,0.6,5,10065,10044
2016-02-14T20:36:02.000Z,2016-02-14T20:44:52.000Z,1.2,7.5,10110,10001
2016-02-22T10:49:35.000Z,2016-02-22T11:03:38.000Z,4.1,15,10018,10282
2016-02-06T02:04:11.000Z,2016-02-06T02:09:24.000Z,0.8,5.5,10003,10009
2016-02-08T18:04:17.000Z,2016-02-08T18:17:01.000Z,1.93,10,10153,10018
2016-02-20T13:06:33.000Z,2016-02-20T13:12:03.000Z,1.3,6.5,10035,10454
2016-02-01T07:29:30.000Z,2016-02-01T07:33:34.000Z,0.6,4.5,10199,10199
2016-02-01T10:46:39.000Z,2016-02-01T10:54:21.000Z,1.24,7,10001,10011
2016-02-26T16:03:10.000Z,2016-02-26T16:17:12.000Z,2.21,11,10028,10023
2016-02-15T15:40:21.000Z,2016-02-15T15:55:47.000Z,3.58,13.5,10009,10021
2016-02-07T08:55:10.000Z,2016-02-07T08:56:29.000Z,0.4,3.5,10023,10023
2016-02-23T13:11:28.000Z,2016-02-23T13:46:10.000Z,3.73,22.5,10271,10020
2016-02-04T06:08:41.000Z,2016-02-04T06:18:34.000Z,1.9,9.5,10119,10022
2016-02-05T07:27:51.000Z,2016-02-05T07:31:54.000Z,0.53,4.5,10199,10199
2016-02-03T15:46:17.000Z,2016-02-03T15:53:31.000Z,0.9,6,10021,10028
2016-02-24T09:04:04.000Z,2016-02-24T09:06:20.000Z,0.5,3.5,10012,10012
2016-02-26T10:02:32.000Z,2016-02-26T10:15:50.000Z,0.8,9,10017,10110
2016-02-26T12:13:49.000Z,2016-02-26T12:51:15.000Z,4.9,25.5,10027,10001
2016-02-20T13:08:12.000Z,2016-02-20T13:52:38.000Z,9.48,36,10153,11217
2016-02-20T17:28:39.000Z,2016-02-20T17:34:54.000Z,0.89,6,10103,10019
2016-02-13T17:55:11.000Z,2016-02-13T18:05:34.000Z,0.8,8,10009,10003
2016-02-26T08:43:56.000Z,2016-02-26T08:50:30.000Z,0.5,6,10021,10022
2016-02-19T10:45:11.000Z,2016-02-19T11:14:19.000Z,4.4,21.5,10001,10280
2016-02-28T18:19:24.000Z,2016-02-28T18:43:29.000Z,7.93,25,10009,11215
2016-02-28T08:16:27.000Z,2016-02-28T08:38:38.000Z,10.84,31,10018,11371
2016-02-08T19:05:05.000Z,2016-02-08T19:10:00.000Z,0.69,5,10001,10016
2016-02-16T10:54:16.000Z,2016-02-16T11:10:57.000Z,1.89,12,10011,10171
2016-02-04T19:34:27.000Z,2016-02-04T19:47:49.000Z,2.58,11.5,10020,10162
2016-02-16T00:27:15.000Z,2016-02-16T00:43:14.000Z,1.5,9,10018,10018
2016-02-27T14:46:25.000Z,2016-02-27T14:55:23.000Z,1.24,7.5,10009,10003
2016-02-14T08:54:22.000Z,2016-02-14T08:59:17.000Z,1.03,6,10153,10065
2016-02-26T23:02:31.000Z,2016-02-26T23:11:06.000Z,2.04,9,10028,10103
2016-02-03T06:15:47.000Z,2016-02-03T06:22:11.000Z,2.4,9,10029,10019
2016-02-29T10:05:15.000Z,2016-02-29T10:17:32.000Z,0.99,9,10103,10154
2016-02-12T09:39:20.000Z,2016-02-12T10:05:58.000Z,3.4,19,10044,10119
2016-02-20T21:04:24.000Z,2016-02-20T21:10:39.000Z,0.5,5.5,10011,10012
2016-02-08T09:48:39.000Z,2016-02-08T09:53:45.000Z,0.9,5.5,10018,10110
2016-02-17T21:25:51.000Z,2016-02-17T21:31:00.000Z,1,5.5,10154,10017
2016-02-17T19:00:52.000Z,2016-02-17T19:23:37.000Z,7.1,27.5,11422,11096
2016-02-05T10:33:21.000Z,2016-02-05T10:54:37.000Z,1.9,13.5,10029,10065
2016-02-21T23:31:40.000Z,2016-02-21T23:36:45.000Z,0.92,5.5,10153,10022
2016-02-13T07:47:42.000Z,2016-02-13T07:54:27.000Z,1.78,8,10069,10065
2016-02-28T16:44:52.000Z,2016-02-28T16:58:25.000Z,3.15,12.5,10003,10103
2016-02-18T17:10:55.000Z,2016-02-18T17:28:56.000Z,3.2,14,10199,10153
2016-02-02T14:59:30.000Z,2016-02-02T15:19:29.000Z,2.4,14,10111,10003
2016-02-21T00:19:13.000Z,2016-02-21T00:31:16.000Z,4,14,10009,10271
2016-02-12T13:12:12.000Z,2016-02-12T13:56:18.000Z,16.5,52,10001,11422
2016-02-10T17:41:34.000Z,2016-02-10T18:10:35.000Z,6.29,23.5,10020,11211
2016-02-12T18:39:34.000Z,2016-02-12T18:47:17.000Z,1.1,7,10110,10153
2016-02-08T12:18:09.000Z,2016-02-08T12:41:15.000Z,4.99,19,10103,10282
2016-02-01T06:43:24.000Z,2016-02-01T06:54:55.000Z,2.6,10.5,10016,10019
2016-02-10T09:59:31.000Z,2016-02-10T10:02:52.000Z,0.7,4.5,10012,10012
2016-02-29T08:48:30.000Z,2016-02-29T09:26:25.000Z,8.54,31,11371,10025
2016-02-05T18:44:47.000Z,2016-02-05T18:52:54.000Z,0.56,6.5,10003,10011
2016-02-08T17:36:38.000Z,2016-02-08T17:53:23.000Z,2.7,13,10017,10002
2016-02-19T08:44:42.000Z,2016-02-19T08:56:58.000Z,1.46,9.5,10017,10154
2016-02-29T11:51:38.000Z,2016-02-29T12:08:16.000Z,1.78,11.5,10153,10018
2016-02-16T06:21:10.000Z,2016-02-16T06:24:25.000Z,0.88,5,10119,10110
2016-02-21T13:33:46.000Z,2016-02-21T13:40:57.000Z,0.9,6.5,10065,10111
2016-02-29T07:30:49.000Z,2016-02-29T07:39:50.000Z,1.8,8.5,10003,10278
2016-02-16T11:32:41.000Z,2016-02-16T11:43:48.000Z,2.16,9.5,10011,10282
2016-02-04T07:38:55.000Z,2016-02-04T07:49:13.000Z,1.81,9,10018,10022
2016-02-02T19:06:32.000Z,2016-02-02T19:12:25.000Z,0.8,5.5,10012,10014
2016-02-22T14:57:43.000Z,2016-02-22T15:02:21.000Z,0.75,5,10017,10016
2016-02-02T06:43:45.000Z,2016-02-02T06:47:55.000Z,1,5,10167,10001
2016-02-13T00:01:29.000Z,2016-02-13T00:11:41.000Z,1.5,8.5,10001,10014
2016-02-07T10:08:05.000Z,2016-02-07T10:20:27.000Z,2.77,11.5,10021,10119
2016-02-10T11:10:33.000Z,2016-02-10T11:20:34.000Z,1.37,8.5,10021,10029
2016-02-08T21:46:11.000Z,2016-02-08T21:53:15.000Z,1.19,7,10012,10003
2016-02-19T09:31:00.000Z,2016-02-19T09:32:04.000Z,0.2,3,10199,10199
2016-02-06T16:39:33.000Z,2016-02-06T16:48:32.000Z,2.04,9,10012,10199
2016-02-27T21:03:35.000Z,2016-02-27T21:15:38.000Z,2.4,10.5,10021,10018
2016-02-09T19:47:07.000Z,2016-02-09T19:58:37.000Z,1.9,9.5,10011,10003
2016-02-25T22:46:37.000Z,2016-02-25T22:52:36.000Z,1.11,6,10167,10119
2016-02-13T18:40:13.000Z,2016-02-13T18:50:50.000Z,1.3,8.5,10003,10011
2016-02-29T23:21:34.000Z,2016-02-29T23:39:52.000Z,7.5,24,11371,10026
2016-02-10T22:33:09.000Z,2016-02-10T22:56:21.000Z,7.3,24.5,10119,11231
2016-02-21T22:28:09.000Z,2016-02-21T23:08:51.000Z,18.2,52,11422,10153
2016-02-26T03:42:30.000Z,2016-02-26T03:52:27.000Z,1.9,9.5,10009,10001
2016-02-23T16:29:12.000Z,2016-02-23T16:38:41.000Z,1.11,7.5,10119,10110
2016-02-24T17:40:21.000Z,2016-02-24T17:49:47.000Z,0.7,7.5,10018,10110
2016-02-20T00:06:10.000Z,2016-02-20T00:17:22.000Z,1.35,8.5,10001,10018
2016-02-28T20:23:20.000Z,2016-02-28T20:32:15.000Z,1.87,8.5,10011,10110
2016-02-02T14:48:22.000Z,2016-02-02T14:53:29.000Z,0.9,5.5,10011,10013
2016-02-28T19:34:10.000Z,2016-02-28T20:04:12.000Z,10.3,33,10001,10034
2016-02-05T17:35:04.000Z,2016-02-05T17:40:54.000Z,0.74,5.5,10001,10018
2016-02-09T18:27:18.000Z,2016-02-09T18:54:32.000Z,5.7,21.5,10012,10028
2016-02-24T18:10:47.000Z,2016-02-24T18:20:48.000Z,0.9,7.5,10021,10153
2016-02-20T16:12:47.000Z,2016-02-20T16:24:23.000Z,1.9,9.5,10028,10022
2016-02-07T00:35:30.000Z,2016-02-07T00:39:06.000Z,0.9,5,10014,10199
2016-02-04T09:49:34.000Z,2016-02-04T10:08:17.000Z,4.56,17.5,10001,10005
2016-02-14T22:43:30.000Z,2016-02-14T22:49:09.000Z,2.14,8,10017,10028
2016-02-21T04:21:34.000Z,2016-02-21T04:47:55.000Z,7.75,25.5,10011,11372
2016-02-14T17:18:28.000Z,2016-02-14T17:33:27.000Z,1.46,10.5,10199,10018
2016-02-06T02:13:39.000Z,2016-02-06T02:16:36.000Z,0.48,4,10002,10002
2016-02-02T18:41:31.000Z,2016-02-02T18:51:37.000Z,2.11,9.5,10199,10013
2016-02-26T13:14:54.000Z,2016-02-26T13:40:06.000Z,4.15,19,10282,10001
2016-02-25T18:08:18.000Z,2016-02-25T18:17:57.000Z,1.18,8,10012,10014
2016-02-24T23:13:34.000Z,2016-02-24T23:34:54.000Z,4.7,17.5,10019,10002
2016-02-27T21:22:23.000Z,2016-02-27T21:28:53.000Z,1.82,7.5,10199,10019
2016-02-12T06:31:22.000Z,2016-02-12T06:39:39.000Z,1.12,7.5,10018,10017
2016-02-11T12:47:12.000Z,2016-02-11T13:16:59.000Z,19.02,88,10119,10710
2016-02-20T13:31:18.000Z,2016-02-20T13:40:30.000Z,1,7.5,10011,10014
2016-02-24T21:44:35.000Z,2016-02-24T21:54:58.000Z,1.02,8,10003,10009
2016-02-18T19:01:00.000Z,2016-02-18T19:05:22.000Z,0.5,5,10021,10065
2016-02-29T21:02:28.000Z,2016-02-29T21:15:38.000Z,3.93,13.5,10162,10011
2016-02-12T19:40:18.000Z,2016-02-12T20:12:04.000Z,9.9,32.5,10011,11238
2016-02-25T15:57:25.000Z,2016-02-25T16:01:01.000Z,0.32,4,10023,10019
2016-02-13T14:44:18.000Z,2016-02-13T15:04:28.000Z,3.5,15.5,10001,10028
2016-02-13T00:23:33.000Z,2016-02-13T00:29:14.000Z,1.1,6,10018,10001
2016-02-08T14:36:07.000Z,2016-02-08T14:44:56.000Z,1.3,7.5,10003,10003
2016-02-11T17:37:41.000Z,2016-02-11T17:40:13.000Z,0.5,4,10022,10017
2016-02-15T22:06:35.000Z,2016-02-15T22:09:36.000Z,0.6,4.5,10103,10018
2016-02-06T02:59:27.000Z,2016-02-06T03:03:00.000Z,0.63,4.5,10009,10003
2016-02-03T08:58:35.000Z,2016-02-03T09:21:41.000Z,5.3,21,10111,10038
2016-02-21T01:48:33.000Z,2016-02-21T02:02:35.000Z,3.4,13.5,10023,10001
2016-02-13T14:42:10.000Z,2016-02-13T15:21:01.000Z,13.59,41,11371,10014
2016-02-01T23:07:54.000Z,2016-02-01T23:13:54.000Z,1.45,7,10009,10017
2016-02-25T10:02:38.000Z,2016-02-25T10:20:25.000Z,0.99,11.5,10009,10001
2016-02-03T07:21:09.000Z,2016-02-03T07:26:51.000Z,1.3,6,10001,10110
2016-02-27T19:42:37.000Z,2016-02-27T19:49:25.000Z,0.9,6,10103,10022
2016-02-11T01:31:18.000Z,2016-02-11T01:34:50.000Z,0.6,4.5,10001,10003
2016-02-05T03:09:58.000Z,2016-02-05T03:31:06.000Z,4.92,18.5,10011,10025
2016-02-15T18:20:01.000Z,2016-02-15T18:57:11.000Z,8.18,27.5,11422,11375
2016-02-11T12:54:24.000Z,2016-02-11T12:57:57.000Z,0.52,4.5,10020,10018
2016-02-07T00:55:00.000Z,2016-02-07T00:59:17.000Z,0.75,5,10002,10278
2016-02-05T15:31:27.000Z,2016-02-05T15:35:43.000Z,0.5,4.5,10162,10162
2016-02-07T15:33:27.000Z,2016-02-07T16:16:53.000Z,17,52,10020,11422
2016-02-11T07:27:12.000Z,2016-02-11T07:42:33.000Z,2.4,12,10065,10162
2016-02-08T08:15:07.000Z,2016-02-08T08:24:46.000Z,1.6,8.5,10199,10110
2016-02-21T22:01:26.000Z,2016-02-21T22:06:39.000Z,0.6,5,10022,10103
2016-02-07T22:48:06.000Z,2016-02-07T22:51:01.000Z,0.6,4.5,10009,10016
2016-02-17T14:30:55.000Z,2016-02-17T14:39:45.000Z,0.99,7.5,10011,10119
2016-02-02T09:30:00.000Z,2016-02-02T10:08:12.000Z,5.89,24,11102,10016
2016-02-21T00:08:13.000Z,2016-02-21T00:24:59.000Z,2.4,13,10103,10011
2016-02-13T16:36:29.000Z,2016-02-13T16:44:33.000Z,1.66,7.5,10110,10021
2016-02-27T23:51:06.000Z,2016-02-28T00:04:39.000Z,1.7,10.5,10017,10103
2016-02-06T08:39:29.000Z,2016-02-06T08:47:56.000Z,1.6,8.5,10023,10103
2016-02-22T16:37:20.000Z,2016-02-22T16:44:41.000Z,1.03,6.5,10017,10154
2016-02-09T22:43:40.000Z,2016-02-09T22:47:27.000Z,0.89,5,10028,10023
2016-02-01T08:53:50.000Z,2016-02-01T08:56:40.000Z,0.7,4.5,10021,10162
2016-02-12T21:04:38.000Z,2016-02-12T21:23:07.000Z,1.8,13,10014,10007
2016-02-29T19:03:38.000Z,2016-02-29T19:16:16.000Z,2.22,10.5,10018,10003
2016-02-09T17:33:13.000Z,2016-02-09T17:44:45.000Z,1.17,8.5,10011,10001
2016-02-20T15:43:03.000Z,2016-02-20T15:56:34.000Z,1.8,10.5,10115,10023
2016-02-24T12:18:10.000Z,2016-02-24T12:40:21.000Z,4.72,18,10006,10016
2016-02-26T11:29:23.000Z,2016-02-26T11:55:04.000Z,2.82,17,10103,10003
2016-02-13T16:36:04.000Z,2016-02-13T16:46:16.000Z,1.9,9,11217,11238
2016-02-08T22:57:00.000Z,2016-02-08T23:10:45.000Z,3.7,13.5,10006,10001
2016-02-16T23:45:27.000Z,2016-02-16T23:57:24.000Z,3.75,13.5,10280,11231
2016-02-13T15:05:30.000Z,2016-02-13T15:16:56.000Z,1.2,8.5,10013,10012
2016-02-23T23:23:05.000Z,2016-02-23T23:38:12.000Z,3.39,14,10011,10280
2016-02-13T02:06:05.000Z,2016-02-13T02:10:55.000Z,1.17,6,10019,10023
2016-02-17T17:59:28.000Z,2016-02-17T18:10:29.000Z,2.3,10,10025,10039
2016-02-04T23:09:42.000Z,2016-02-04T23:22:00.000Z,1.5,9.5,10011,10009
2016-02-06T17:18:13.000Z,2016-02-06T17:34:02.000Z,2.9,12.5,10001,10012
2016-02-14T00:10:08.000Z,2016-02-14T00:18:41.000Z,1.32,7.5,10001,10011
2016-02-15T19:20:10.000Z,2016-02-15T19:27:47.000Z,1.76,7.5,10018,10011
2016-02-20T22:14:40.000Z,2016-02-20T22:23:03.000Z,1.03,7,10012,10003
2016-02-14T15:09:06.000Z,2016-02-14T15:43:29.000Z,7.1,28.5,10007,10021
2016-02-08T15:12:29.000Z,2016-02-08T15:20:33.000Z,1.06,7,10021,10065
2016-02-20T09:40:57.000Z,2016-02-20T09:50:33.000Z,2,9.5,10028,10162
2016-02-06T13:41:59.000Z,2016-02-06T14:06:12.000Z,5.05,20.5,10282,10111
2016-02-14T13:19:12.000Z,2016-02-14T13:28:39.000Z,1.3,7.5,10119,10017
2016-02-28T22:07:37.000Z,2016-02-28T22:12:23.000Z,0.77,5.5,10065,10065
2016-02-21T23:15:48.000Z,2016-02-21T23:29:46.000Z,3.1,13,11215,11220
2016-02-21T02:42:52.000Z,2016-02-21T03:18:29.000Z,10.76,34.5,10002,10031
2016-02-09T17:53:46.000Z,2016-02-09T18:05:39.000Z,1.4,9,10115,10023
2016-02-23T19:58:21.000Z,2016-02-23T20:18:39.000Z,3.63,15,10003,11201
2016-02-21T00:06:28.000Z,2016-02-21T00:20:48.000Z,2.8,12,10012,10018
2016-02-03T00:04:36.000Z,2016-02-03T00:13:43.000Z,1.91,8.5,10001,10103
2016-02-09T16:17:47.000Z,2016-02-09T16:37:22.000Z,4.04,17,10003,10280
2016-02-06T22:05:54.000Z,2016-02-06T22:24:06.000Z,3.2,14.5,10003,10021
2016-02-07T22:35:21.000Z,2016-02-07T22:46:48.000Z,2.28,10.5,11217,11206
2016-02-02T20:47:04.000Z,2016-02-02T21:01:46.000Z,4.03,15,10271,10199
2016-02-03T09:03:13.000Z,2016-02-03T09:32:22.000Z,4.8,20.5,10019,10006
2016-02-12T18:35:42.000Z,2016-02-12T18:58:10.000Z,2.8,16,10162,10018
2016-02-11T17:04:32.000Z,2016-02-11T17:18:43.000Z,2.4,11,10111,10021
2016-02-27T22:33:13.000Z,2016-02-27T22:46:58.000Z,1.7,10.5,10199,10110
2016-02-18T18:36:11.000Z,2016-02-18T18:45:28.000Z,1.1,7.5,10011,10001
2016-02-20T18:31:39.000Z,2016-02-20T18:42:26.000Z,1.68,9,10020,10021
2016-02-26T11:07:11.000Z,2016-02-26T11:32:41.000Z,2.01,16,10171,10119
2016-02-22T04:38:05.000Z,2016-02-22T04:47:32.000Z,3.4,11.5,10020,10029
2016-02-26T21:36:03.000Z,2016-02-26T21:37:56.000Z,0.37,3.5,10022,10017
2016-02-13T04:38:23.000Z,2016-02-13T05:01:40.000Z,9.45,29,10011,11225
2016-02-19T19:12:14.000Z,2016-02-19T19:25:54.000Z,2.77,12.5,10002,11211
2016-02-20T14:20:42.000Z,2016-02-20T14:36:41.000Z,2.1,12,10023,10044
2016-02-16T23:42:30.000Z,2016-02-17T00:00:01.000Z,7.4,22,10152,11201
2016-02-10T17:42:08.000Z,2016-02-10T17:48:47.000Z,0.76,6,10065,10065
2016-02-07T16:05:17.000Z,2016-02-07T16:23:11.000Z,2.32,13,10023,10110
2016-02-26T23:55:40.000Z,2016-02-27T00:07:39.000Z,2.8,11.5,10022,10029
2016-02-27T22:12:29.000Z,2016-02-27T22:22:24.000Z,2,9.5,10003,10153
2016-02-14T14:34:27.000Z,2016-02-14T14:46:37.000Z,2.11,10.5,10009,10111
2016-02-08T07:55:25.000Z,2016-02-08T08:08:17.000Z,1.8,10,10014,10002
2016-02-29T18:52:58.000Z,2016-02-29T19:04:20.000Z,1.5,8.5,10001,10112
